iso3,year,country_id,region_id,g_whoregion,success,cohort,prop_success,e_inc_100k,e_mort_100k,c_cdr,year_z,e_inc_100k_z,e_mort_100k_z,c_cdr_z,e_tbhiv_prct,used_2021_defs_flg
AFG,2012,1,3,EMR,25128,28679,0.876181177865337,194,46,48,-1.6989466701577367,0.36972853173378883,0.49782404367989425,-1.2919187215435721,0.03,NA
AFG,2013,1,3,EMR,26733,30507,0.8762906873832236,194,45,50,-1.4009588499021106,0.36972853173378883,0.47453739419660124,-1.1609044707122378,0.03,NA
AFG,2014,1,3,EMR,27553,31746,0.867920367920368,197,46,49,-1.1029710296464843,0.387173064401075,0.49782404367989425,-1.226411596127905,0.03,NA
AFG,2015,1,3,EMR,31631,36042,0.8776150047167194,200,44,53,-0.8049832093908581,0.4046175970683612,0.45125074471330817,-0.9643830944652361,0.03,NA
AFG,2016,1,3,EMR,37418,40287,0.9287859607317497,204,39,59,-0.5069953891352319,0.4278769739580761,0.3348174972968429,-0.5713403419712327,0.03,NA
AFG,2017,1,3,EMR,42288,46640,0.9066895368782161,209,38,62,-0.20900756887960567,0.45695119507021975,0.3115308478135499,-0.3748189657242311,0.03,NA
AFG,2018,1,3,EMR,44065,48420,0.9100578273440727,212,39,62,0.08898025137602054,0.4743957277375059,0.3348174972968429,-0.3748189657242311,0.03,NA
AFG,2019,1,3,EMR,47789,52438,0.9113429192570274,213,36,65,0.38696807163164676,0.4802105719599346,0.26495754884696376,-0.17829758947722946,0.03,NA
AFG,2020,1,3,EMR,43421,45818,0.947684316207604,205,37,57,0.684955891887273,0.43369181818050484,0.28824419833025683,-0.7023545928025672,0.02,1
AFG,2021,1,3,EMR,46582,50324,0.9256418408711549,206,36,61,0.9829437121428992,0.43950666240293357,0.26495754884696376,-0.44032609113989835,0.01,1
AFG,2022,1,3,EMR,48248,50976,0.9464846202134338,206,34,62,1.2809315323985255,0.43950666240293357,0.2183842498803777,-0.3748189657242311,0.03,1
AFG,2023,1,3,EMR,46706,49533,0.9429269375971574,204,34,59,1.5789193526541516,0.4278769739580761,0.2183842498803777,-0.5713403419712327,0.03,1
ALB,2012,3,4,EUR,373,407,0.9164619164619164,16,0.32,89,-1.6989466701577367,-0.6653137398585242,-0.5659101047169323,1.393873420498784,0.86,NA
ALB,2013,3,4,EUR,416,472,0.8813559322033898,18,0.32,89,-1.4009588499021106,-0.6536840514136667,-0.5659101047169323,1.393873420498784,0.91,NA
ALB,2014,3,4,EUR,358,406,0.8817733990147784,16,0.32,89,-1.1029710296464843,-0.6653137398585242,-0.5659101047169323,1.393873420498784,0.94,NA
ALB,2015,3,4,EUR,354,409,0.8655256723716381,16,0.32,89,-0.8049832093908581,-0.6653137398585242,-0.5659101047169323,1.393873420498784,0.95,NA
ALB,2016,3,4,EUR,357,409,0.8728606356968215,16,0.32,89,-0.5069953891352319,-0.6653137398585242,-0.5659101047169323,1.393873420498784,0.97,NA
ALB,2017,3,4,EUR,435,499,0.8717434869739479,20,0.32,89,-0.20900756887960567,-0.6420543629688092,-0.5659101047169323,1.393873420498784,0.98,NA
ALB,2018,3,4,EUR,386,434,0.8894009216589862,17,0.32,89,0.08898025137602054,-0.6594988956360954,-0.5659101047169323,1.393873420498784,0.97,NA
ALB,2019,3,4,EUR,364,412,0.883495145631068,16,0.35,89,0.38696807163164676,-0.6653137398585242,-0.5652115052324334,1.393873420498784,2.2,NA
ALB,2020,3,4,EUR,213,240,0.8875,15,0.36,54,0.684955891887273,-0.6711285840809529,-0.5649786387376005,-0.8988759690495689,1,1
ALB,2021,3,4,EUR,242,269,0.8996282527881041,15,0.37,62,0.9829437121428992,-0.6711285840809529,-0.5647457722427676,-0.3748189657242311,0.41,1
ALB,2022,3,4,EUR,234,264,0.8863636363636364,15,0.37,68,1.2809315323985255,-0.6711285840809529,-0.5647457722427676,0.018223786769772203,0.38,1
ALB,2023,3,4,EUR,239,268,0.8917910447761194,15,0.34,72,1.5789193526541516,-0.6711285840809529,-0.5654443717272664,0.2802522884324411,1.1,1
DZA,2012,46,1,AFR,7014,7754,0.9045653856074284,85,13,69,-1.6989466701577367,-0.2640894885109421,-0.27063538926877634,0.08373091218543942,0.64,NA
DZA,2013,46,1,AFR,6412,7020,0.9133903133903134,77,12,70,-1.4009588499021106,-0.3106082422903719,-0.2939220387520694,0.14923803760110665,0.68,NA
DZA,2015,46,1,AFR,6383,7082,0.9012990680598701,81,11,74,-0.8049832093908581,-0.287348865400657,-0.31720868823536247,0.41126653926377554,0.73,NA
DZA,2018,46,1,AFR,15974,18707,0.8539049553643021,74,10,74,0.08898025137602054,-0.32805277495765806,-0.3404953377186555,0.41126653926377554,0.82,NA
DZA,2019,46,1,AFR,12808,14899,0.8596550104033828,65,8.6,74,0.38696807163164676,-0.3803863729595166,-0.37309664699526585,0.41126653926377554,0.83,NA
AGO,2012,2,1,AFR,9531,21124,0.45119295587956826,458,140,45,-1.6989466701577367,1.904847406454972,2.686769095109441,-1.4884400977905738,25,NA
AGO,2013,2,1,AFR,13902,60807,0.22862499383294688,453,128,49,-1.4009588499021106,1.8757731853428286,2.4073293013099244,-1.226411596127905,24,NA
AGO,2014,2,1,AFR,18360,53552,0.3428443382133254,451,138,44,-1.1029710296464843,1.864143496897971,2.640195796142855,-1.553947223206241,23,NA
AGO,2017,2,1,AFR,14480,57877,0.250185738721772,418,126,43,-0.20900756887960567,1.6722536375578232,2.3607560023433383,-1.6194543486219084,19,NA
AGO,2018,2,1,AFR,32830,66189,0.4960038677121576,403,97,52,0.08898025137602054,1.5850309742213924,1.6854431673278398,-1.0298902198809032,9.6,NA
AGO,2019,2,1,AFR,45864,66036,0.6945302562238779,390,81,59,0.38696807163164676,1.5094379993298188,1.312856775595151,-0.5713403419712327,7.6,NA
AGO,2020,2,1,AFR,34139,64859,0.52635717479455435,373,81,51,0.684955891887273,1.4105856475485306,1.312856775595151,-1.0953973452965706,12,1
AGO,2021,2,1,AFR,29784,44149,0.6746245668078552,371,80,48,0.9829437121428992,1.398955959103673,1.289570126111858,-1.2919187215435721,12,1
AGO,2022,2,1,AFR,32746,50152,0.6529350773648109,379,85,49,1.2809315323985255,1.445474712883103,1.4060033735283233,-1.226411596127905,7.7,1
AGO,2023,2,1,AFR,31191,49184,0.6341696486662329,383,78,46,1.5789193526541516,1.4687340897728178,1.2429968271452718,-1.4229329723749067,7.9,1
ARG,2012,5,2,AMR,4756,8463,0.5619756587498523,27,2,76,-1.6989466701577367,-0.6013504534118082,-0.5267885335849999,0.54228079009511,7.9,NA
ARG,2013,5,2,AMR,4357,8474,0.5141609629454803,27,2.1,77,-1.4009588499021106,-0.6013504534118082,-0.5244598686366706,0.6077879155107772,7.7,NA
ARG,2014,5,2,AMR,4916,9441,0.5207075521660841,27,2,78,-1.1029710296464843,-0.6013504534118082,-0.5267885335849999,0.6732950409264444,7.4,NA
ARG,2015,5,2,AMR,4651,9854,0.4719910696163994,28,2,79,-0.8049832093908581,-0.5955356091893794,-0.5267885335849999,0.7388021663421116,7,NA
ARG,2016,5,2,AMR,5606,10300,0.5442718446601942,30,2.1,78,-0.5069953891352319,-0.583905920744522,-0.5244598686366706,0.6732950409264444,6.8,NA
ARG,2017,5,2,AMR,5845,10292,0.5679168286047416,29,1.9,78,-0.20900756887960567,-0.5897207649669507,-0.5291171985333293,0.6732950409264444,6.5,NA
ARG,2018,5,2,AMR,5633,10514,0.5357618413543846,30,2,78,0.08898025137602054,-0.583905920744522,-0.5267885335849999,0.6732950409264444,6.3,NA
ARG,2019,5,2,AMR,5469,11597,0.4715874795205657,33,1.9,77,0.38696807163164676,-0.5664613880772358,-0.5291171985333293,0.6077879155107772,6.1,NA
ARG,2020,5,2,AMR,4687,10122,0.4630507804781664,27,1.7,78,0.684955891887273,-0.6013504534118082,-0.5337745284299878,0.6732950409264444,6.1,1
ARG,2021,5,2,AMR,5606,11644,0.4814496736516661,34,2,78,0.9829437121428992,-0.5606465438548071,-0.5267885335849999,0.6732950409264444,6.1,1
ARG,2022,5,2,AMR,6350,12215,0.5198526401964797,35,2.2,78,1.2809315323985255,-0.5548316996323783,-0.5221312036883413,0.6732950409264444,6.1,1
ARG,2023,5,2,AMR,7315,14100,0.5187943262411348,39,1.7,78,1.5789193526541516,-0.5315723227426634,-0.5337745284299878,0.6732950409264444,6.1,1
ARM,2012,6,4,EUR,1093,1350,0.8096296296296296,70,6.1,59,-1.6989466701577367,-0.35131215184737297,-0.43131327070349845,-0.5713403419712327,5.2,NA
ARM,2013,6,4,EUR,1008,1251,0.8057553956834532,79,5,61,-1.4009588499021106,-0.29897855384551447,-0.45692858513512075,-0.44032609113989835,4.7,NA
ARM,2014,6,4,EUR,959,1228,0.7809446254071661,73,4.4,62,-1.1029710296464843,-0.3338676191800868,-0.4709005748250965,-0.3748189657242311,6.3,NA
ARM,2015,6,4,EUR,721,910,0.7923076923076923,63,4.2,64,-0.8049832093908581,-0.39201606140437406,-0.4755579047217552,-0.24380471489289668,9.1,NA
ARM,2016,6,4,EUR,703,869,0.80897583429229,54,2.9,66,-0.5069953891352319,-0.44434965940623256,-0.5058305490500362,-0.11279046406156223,5.6,NA
ARM,2017,6,4,EUR,563,710,0.7929577464788733,43,2.6,67,-0.20900756887960567,-0.5083129458529485,-0.5128165438950241,-0.04728333864589502,7.9,NA
ARM,2018,6,4,EUR,497,615,0.808130081300813,37,2.2,68,0.08898025137602054,-0.5432020111875209,-0.5221312036883413,0.018223786769772203,10,NA
ARM,2019,6,4,EUR,399,485,0.822680412371134,31,2.3,68,0.38696807163164676,-0.5780910765220932,-0.5198025387400119,0.018223786769772203,10,NA
ARM,2020,6,4,EUR,244,303,0.8052805280528053,29,3,47,0.684955891887273,-0.5897207649669507,-0.5035018841017068,-1.3574258469592395,11,1
ARM,2021,6,4,EUR,272,317,0.8580441640378549,26,1.7,53,0.9829437121428992,-0.6071652976342369,-0.5337745284299878,-0.9643830944652361,11,1
ARM,2022,6,4,EUR,335,397,0.8438287153652393,24,1.6,65,1.2809315323985255,-0.6187949860790943,-0.5361031933783171,-0.17829758947722946,9.5,1
ARM,2023,6,4,EUR,313,363,0.8622589531680441,21,1.7,65,1.5789193526541516,-0.6362395187463805,-0.5337745284299878,-0.17829758947722946,11,1
AUS,2012,7,6,WPR,1040,1265,0.8221343873517787,6.7,0.17,85,-1.6989466701577367,-0.7193917911271113,-0.5694031021394261,1.131844918836115,1.2,NA
AUS,2013,7,6,WPR,1079,1264,0.8536392405063291,6.3,0.25,86,-1.4009588499021106,-0.7217177288160828,-0.5675401701807627,1.1973520442517822,2.6,NA
AUS,2014,7,6,WPR,1057,1343,0.7870439314966493,6.5,0.22,87,-1.1029710296464843,-0.720554759971597,-0.5682387696652615,1.2628591696674494,1.6,NA
AUS,2015,7,6,WPR,908,1244,0.729903536977492,6,0.24,87,-0.8049832093908581,-0.7234621820828113,-0.5677730366755958,1.2628591696674494,2.1,NA
AUS,2016,7,6,WPR,1076,1371,0.7848285922684172,6.5,0.22,87,-0.5069953891352319,-0.720554759971597,-0.5682387696652615,1.2628591696674494,1.8,NA
AUS,2017,7,6,WPR,1182,1434,0.8242677824267782,6.6,0.22,88,-0.20900756887960567,-0.7199732755493542,-0.5682387696652615,1.3283662950831165,2.1,NA
AUS,2018,7,6,WPR,1131,1429,0.7914625612316305,6.5,0.24,87,0.08898025137602054,-0.720554759971597,-0.5677730366755958,1.2628591696674494,1.8,NA
AUS,2019,7,6,WPR,1315,1530,0.8594771241830066,6.8,0.2,87,0.38696807163164676,-0.7188103067048683,-0.5687045026549274,1.2628591696674494,1.4,NA
AUS,2020,7,6,WPR,1332,1484,0.8975741239892183,7.2,0.15,87,0.684955891887273,-0.7164843690158968,-0.569868835129092,1.2628591696674494,1.3,1
AUS,2021,7,6,WPR,1111,1256,0.8845541401273885,6.5,0.2,87,0.9829437121428992,-0.720554759971597,-0.5687045026549274,1.2628591696674494,1.1,1
AUS,2022,7,6,WPR,1025,1187,0.8635214827295703,5.6,0.14,87,1.2809315323985255,-0.7257881197717829,-0.5701017016239249,1.2628591696674494,1.2,1
AUS,2023,7,6,WPR,613,1296,0.4729938271604938,6.2,0.15,87,1.5789193526541516,-0.7222992132383256,-0.569868835129092,1.2628591696674494,1.8,1
AUT,2012,8,4,EUR,422,610,0.6918032786885245,9,0.55,82,-1.6989466701577367,-0.7060176494155251,-0.5605541753357748,0.9353235425891133,2.5,NA
AUT,2013,8,4,EUR,446,617,0.7228525121555915,8.9,0.84,83,-1.4009588499021106,-0.7065991338377681,-0.5538010469856198,1.0008306680047805,2.2,NA
AUT,2014,8,4,EUR,408,553,0.7377938517179023,7.9,0.86,83,-1.1029710296464843,-0.7124139780601968,-0.553335313995954,1.0008306680047805,2.1,NA
AUT,2015,8,4,EUR,402,553,0.7269439421338155,7.8,0.77,84,-0.8049832093908581,-0.7129954624824396,-0.5554311124494503,1.0663377934204477,2.1,NA
AUT,2016,8,4,EUR,450,604,0.7450331125827815,8.4,0.47,84,-0.5069953891352319,-0.7095065559489824,-0.5624171072944383,1.0663377934204477,2.1,NA
AUT,2017,8,4,EUR,377,543,0.6942909760589319,7.6,0.43,84,-0.20900756887960567,-0.7141584313269255,-0.56334857327377,1.0663377934204477,2.2,NA
AUT,2018,8,4,EUR,334,455,0.734065934065934,6.3,0.57,84,0.08898025137602054,-0.7217177288160828,-0.560088442346109,1.0663377934204477,2.2,NA
AUT,2019,8,4,EUR,341,459,0.7429193899782135,6.2,0.48,84,0.38696807163164676,-0.7222992132383256,-0.5621842407996053,1.0663377934204477,2.2,NA
AUT,2020,8,4,EUR,266,380,0.7,5.1,0.48,84,0.684955891887273,-0.7286955418829972,-0.5621842407996053,1.0663377934204477,2.2,1
AUT,2021,8,4,EUR,282,378,0.746031746031746,5.1,0.37,85,0.9829437121428992,-0.7286955418829972,-0.5647457722427676,1.131844918836115,2.2,1
AUT,2022,8,4,EUR,257,354,0.7259887005649718,4.7,0.42,85,1.2809315323985255,-0.7310214795719687,-0.5635814397686029,1.131844918836115,2.2,1
AUT,2023,8,4,EUR,308,404,0.7623762376237624,5.3,0.43,85,1.5789193526541516,-0.7275325730385115,-0.56334857327377,1.131844918836115,2.2,1
AZE,2022,9,4,EUR,2957,3606,0.8200221852468109,67,6.5,58,1.2809315323985255,-0.36875668451465915,-0.42199861091018115,-0.6368474673869,1.3,1
AZE,2023,9,4,EUR,2408,2877,0.8369829683698297,66,5.9,58,1.5789193526541516,-0.3745715287370879,-0.43597060060015697,-0.6368474673869,1.5,1
BHS,2014,17,2,AMR,42,50,0.84,18,1.7,74,-1.1029710296464843,-0.6536840514136667,-0.5337745284299878,0.41126653926377554,23,NA
BHS,2015,17,2,AMR,51,62,0.8225806451612904,21,2.2,75,-0.8049832093908581,-0.6362395187463805,-0.5221312036883413,0.47677366467944277,29,NA
BHS,2016,17,2,AMR,59,89,0.6629213483146067,30,4.7,77,-0.5069953891352319,-0.583905920744522,-0.46391457998010865,0.6077879155107772,42,NA
BHS,2017,17,2,AMR,36,51,0.7058823529411765,17,2.1,78,-0.20900756887960567,-0.6594988956360954,-0.5244598686366706,0.6732950409264444,37,NA
BHS,2019,17,2,AMR,38,51,0.7450980392156863,17,1.7,78,0.38696807163164676,-0.6594988956360954,-0.5337745284299878,0.6732950409264444,27,NA
BHR,2012,16,3,EMR,104,234,0.4444444444444444,28,0.43,67,-1.6989466701577367,-0.5955356091893794,-0.56334857327377,-0.04728333864589502,0.71,NA
BHR,2016,16,3,EMR,104,153,0.6797385620915033,15,0.54,71,-0.5069953891352319,-0.6711285840809529,-0.5607870418306078,0.21474516301677388,0.6,NA
BHR,2018,16,3,EMR,72,153,0.47058823529411764,14,0.53,74,0.08898025137602054,-0.6769434283033815,-0.5610199083254407,0.41126653926377554,0.6,NA
BHR,2019,16,3,EMR,29,171,0.1695906432748538,16,0.79,76,0.38696807163164676,-0.6653137398585242,-0.5549653794597845,0.54228079009511,6.8,NA
BHR,2021,16,3,EMR,85,192,0.4427083333333333,17,1.3,75,0.9829437121428992,-0.6594988956360954,-0.543089188223305,0.47677366467944277,3.5,1
BHR,2023,16,3,EMR,148,161,0.9192546583850931,14,1.1,75,1.5789193526541516,-0.6769434283033815,-0.5477465181199636,0.47677366467944277,5.1,1
BGD,2012,14,5,SEA,151447,164587,0.9201638039456336,221,51,49,-1.6989466701577367,0.5267293257393644,0.6142572910963595,-1.226411596127905,0.19,NA
BGD,2013,14,5,SEA,170893,184077,0.9283777984213128,221,47,53,-1.4009588499021106,0.5267293257393644,0.5211106931631874,-0.9643830944652361,0.19,NA
BGD,2014,14,5,SEA,177715,191141,0.9297586598375022,221,46,55,-1.1029710296464843,0.5267293257393644,0.49782404367989425,-0.8333688436339016,0.19,NA
BGD,2015,14,5,SEA,192571,206907,0.9307128323353004,221,42,59,-0.8049832093908581,0.5267293257393644,0.4046774457467221,-0.5713403419712327,0.19,NA
BGD,2016,14,5,SEA,207832,222252,0.9351186940949913,221,39,62,-0.5069953891352319,0.5267293257393644,0.3348174972968429,-0.3748189657242311,0.19,NA
BGD,2017,14,5,SEA,227305,242640,0.9367993735575338,221,34,68,-0.20900756887960567,0.5267293257393644,0.2183842498803777,0.018223786769772203,0.19,NA
BGD,2018,14,5,SEA,252170,267143,0.9439513668709268,221,29,74,0.08898025137602054,0.5267293257393644,0.10195100246391244,0.41126653926377554,0.19,NA
BGD,2019,14,5,SEA,274452,289863,0.9468335041036627,221,24,80,0.38696807163164676,0.5267293257393644,-0.014482244952552814,0.8043092917577789,0.2,NA
BGD,2020,14,5,SEA,218114,228779,0.953382959100267,221,26,63,0.684955891887273,0.5267293257393644,0.03209105401403328,-0.3093118403085639,0.2,0
BGD,2021,14,5,SEA,296487,306860,0.9661963110213126,221,27,83,0.9829437121428992,0.5267293257393644,0.05537770349732633,1.0008306680047805,0.2,0
BGD,2022,14,5,SEA,249315,262044,0.9514241883042542,221,26,70,1.2809315323985255,0.5267293257393644,0.03209105401403328,0.14923803760110665,0.2,0
BGD,2023,14,5,SEA,287717,301256,0.9550581565180445,221,26,80,1.5789193526541516,0.5267293257393644,0.03209105401403328,0.8043092917577789,0.2,1
BLR,2012,19,4,EUR,2902,3425,0.8472992700729927,73,8.9,69,-1.6989466701577367,-0.3338676191800868,-0.3661106521502778,0.08373091218543942,4.4,NA
BLR,2013,19,4,EUR,2626,3034,0.8655240606460118,67,8.2,71,-1.4009588499021106,-0.36875668451465915,-0.382411306788583,0.21474516301677388,5.1,NA
BLR,2014,19,4,EUR,2381,2706,0.8798965262379896,56,6.7,72,-1.1029710296464843,-0.4327199709613751,-0.4173412810135226,0.2802522884324411,6.3,NA
BLR,2015,19,4,EUR,2243,2525,0.8883168316831683,54,5.5,74,-0.8049832093908581,-0.44434965940623256,-0.4452852603934742,0.41126653926377554,5.5,NA
BLR,2016,19,4,EUR,1894,2123,0.8921337729627885,45,5.1,75,-0.5069953891352319,-0.4966832574080911,-0.4545999201867915,0.47677366467944277,8.7,NA
BLR,2017,19,4,EUR,1587,1792,0.8856026785714286,38,4.1,77,-0.20900756887960567,-0.5373871669650921,-0.4778865696700845,0.6077879155107772,7.3,NA
BLR,2018,19,4,EUR,1250,1418,0.8815232722143864,31,3.5,79,0.08898025137602054,-0.5780910765220932,-0.49185855936006034,0.7388021663421116,7.7,NA
BLR,2019,19,4,EUR,1153,1302,0.8855606758832565,29,2.9,81,0.38696807163164676,-0.5897207649669507,-0.5058305490500362,0.869816417173446,7.1,NA
BLR,2020,19,4,EUR,710,833,0.8523409363745498,26,3.6,61,0.684955891887273,-0.6071652976342369,-0.489529894411731,-0.44032609113989835,8.9,0
BLR,2021,19,4,EUR,759,903,0.840531561461794,24,2.8,67,0.9829437121428992,-0.6187949860790943,-0.5081592139983654,-0.04728333864589502,8.6,0
BLR,2022,19,4,EUR,869,999,0.8698698698698699,22,2.5,84,1.2809315323985255,-0.6304246745239518,-0.5151452088433534,1.0663377934204477,7.7,1
BLR,2023,19,4,EUR,826,931,0.8872180451127819,19,2.3,89,1.5789193526541516,-0.647869207191238,-0.5198025387400119,1.393873420498784,8.2,1
BEL,2012,11,4,EUR,685,885,0.7740112994350282,9.7,0.61,84,-1.6989466701577367,-0.7019472584598251,-0.5591569763667773,1.0663377934204477,3.8,NA
BEL,2013,11,4,EUR,691,878,0.7870159453302962,9.5,0.57,85,-1.4009588499021106,-0.7031102273043108,-0.560088442346109,1.131844918836115,3.5,NA
BEL,2014,11,4,EUR,700,867,0.8073817762399077,9.2,0.43,86,-1.1029710296464843,-0.7048546805710394,-0.56334857327377,1.1973520442517822,3.4,NA
BEL,2015,11,4,EUR,719,905,0.7944751381215469,9.5,0.6,86,-0.8049832093908581,-0.7031102273043108,-0.5593898428616101,1.1973520442517822,3.4,NA
BEL,2016,11,4,EUR,793,973,0.8150051387461459,10,0.35,87,-0.5069953891352319,-0.7002028051930964,-0.5652115052324334,1.2628591696674494,3.5,NA
BEL,2017,11,4,EUR,718,905,0.7933701657458564,9.2,0.44,87,-0.20900756887960567,-0.7048546805710394,-0.5631157067789371,1.2628591696674494,3.6,NA
BEL,2018,11,4,EUR,737,902,0.8170731707317073,9.1,0.43,87,0.08898025137602054,-0.7054361649932823,-0.56334857327377,1.2628591696674494,3.7,NA
BEL,2019,11,4,EUR,709,877,0.8084378563283923,8.9,0.59,88,0.38696807163164676,-0.7065991338377681,-0.5596227093564431,1.3283662950831165,3.7,NA
BEL,2020,11,4,EUR,511,759,0.6732542819499341,7.8,0.41,87,0.684955891887273,-0.7129954624824396,-0.5638143062634359,1.2628591696674494,3.7,1
BEL,2021,11,4,EUR,629,806,0.7803970223325062,8.2,0.24,86,0.9829437121428992,-0.7106695247934681,-0.5677730366755958,1.1973520442517822,3.7,1
BEL,2023,11,4,EUR,572,803,0.7123287671232876,2.5,0.3,86,1.5789193526541516,-0.7438141368613119,-0.566375837706598,1.1973520442517822,3.7,1
BLZ,2012,20,2,AMR,46,84,0.5476190476190477,40,5,63,-1.6989466701577367,-0.5257574785202347,-0.45692858513512075,-0.3093118403085639,23,NA
BLZ,2013,20,2,AMR,43,121,0.35537190082644626,55,7.8,65,-1.4009588499021106,-0.43853481518380383,-0.3917259665819002,-0.17829758947722946,21,NA
BLZ,2014,20,2,AMR,25,72,0.3472222222222222,31,5.2,66,-1.1029710296464843,-0.5780910765220932,-0.4522712552384622,-0.11279046406156223,40,NA
BLZ,2015,20,2,AMR,52,78,0.6666666666666666,33,4.1,67,-0.8049832093908581,-0.5664613880772358,-0.4778865696700845,-0.04728333864589502,20,NA
BLZ,2016,20,2,AMR,74,120,0.6166666666666667,49,6.8,67,-0.5069953891352319,-0.4734238805183762,-0.41501261606519324,-0.04728333864589502,32,NA
BLZ,2017,20,2,AMR,83,117,0.7094017094017094,47,7,66,-0.20900756887960567,-0.48505356896323365,-0.41035528616853467,-0.11279046406156223,24,NA
BLZ,2018,20,2,AMR,66,99,0.6666666666666666,39,5.2,67,0.08898025137602054,-0.5315723227426634,-0.4522712552384622,-0.04728333864589502,33,NA
BLZ,2019,20,2,AMR,60,91,0.6593406593406593,35,3.7,68,0.38696807163164676,-0.5548316996323783,-0.4872012294634017,0.018223786769772203,19,NA
BLZ,2020,20,2,AMR,65,79,0.8227848101265823,34,3.9,59,0.684955891887273,-0.5606465438548071,-0.48254389956674315,-0.5713403419712327,24,1
BLZ,2021,20,2,AMR,56,70,0.8,35,4.1,52,0.9829437121428992,-0.5548316996323783,-0.4778865696700845,-1.0298902198809032,25,1
BLZ,2022,20,2,AMR,54,72,0.75,35,3.8,53,1.2809315323985255,-0.5548316996323783,-0.4848725645150724,-0.9643830944652361,16,1
BLZ,2023,20,2,AMR,55,82,0.6707317073170732,34,3.6,58,1.5789193526541516,-0.5606465438548071,-0.489529894411731,-0.6368474673869,15,1
BEN,2015,12,1,AFR,3533,3996,0.8841341341341341,62,15,56,-0.8049832093908581,-0.3978309056268028,-0.22406209030219026,-0.7678617182182345,15,NA
BEN,2016,12,1,AFR,3382,3857,0.8768472906403941,59,14,56,-0.5069953891352319,-0.41527543829408897,-0.2473487397854833,-0.7678617182182345,15,NA
BEN,2017,12,1,AFR,3091,3561,0.868014602639708,56,14,53,-0.20900756887960567,-0.4327199709613751,-0.2473487397854833,-0.9643830944652361,15,NA
BEN,2018,12,1,AFR,3495,3995,0.8748435544430538,53,11,61,0.08898025137602054,-0.4501645036286613,-0.31720868823536247,-0.44032609113989835,15,NA
BEN,2019,12,1,AFR,3815,4268,0.8938612933458294,51,9.7,66,0.38696807163164676,-0.46179419207351874,-0.34748133256364344,-0.11279046406156223,16,NA
BEN,2020,12,1,AFR,3542,3915,0.9047254150702426,48,9.9,62,0.684955891887273,-0.4792387247408049,-0.3428240026669848,-0.3748189657242311,14,1
BEN,2021,12,1,AFR,3315,3695,0.8971583220568335,46,9.7,60,0.9829437121428992,-0.4908684131856624,-0.34748133256364344,-0.5058332165555656,14,1
BEN,2022,12,1,AFR,3735,4109,0.908980287174495,44,7.6,69,1.2809315323985255,-0.5024981016305198,-0.39638329647855886,0.08373091218543942,14,1
BEN,2023,12,1,AFR,3867,4261,0.9075334428537902,42,6.4,73,1.5789193526541516,-0.5141277900753772,-0.42432727585851043,0.3457594138481083,12,1
BTN,2012,24,5,SEA,1045,1141,0.915863277826468,363,97,43,-1.6989466701577367,1.3524372053242433,1.6854431673278398,-1.6194543486219084,5,NA
BTN,2013,24,5,SEA,978,1080,0.9055555555555556,328,85,45,-1.4009588499021106,1.148917657539238,1.4060033735283233,-1.4884400977905738,4.8,NA
BTN,2014,24,5,SEA,962,1066,0.9024390243902439,307,75,47,-1.1029710296464843,1.0268059288682347,1.1731368786953928,-1.3574258469592395,1,NA
BTN,2015,24,5,SEA,883,963,0.9169262720664589,264,62,49,-0.8049832093908581,0.7767676273037996,0.8704104354125831,-1.226411596127905,0.92,NA
BTN,2016,24,5,SEA,1083,1139,0.9508340649692713,298,67,51,-0.5069953891352319,0.9744723308663762,0.9868436828290483,-1.0953973452965706,0.53,NA
BTN,2017,24,5,SEA,807,864,0.9340277777777778,216,47,53,-0.20900756887960567,0.4976551046272208,0.5211106931631874,-0.9643830944652361,0.58,NA
BTN,2018,24,5,SEA,852,898,0.9487750556792873,213,44,56,0.08898025137602054,0.4802105719599346,0.45125074471330817,-0.7678617182182345,0.23,NA
BTN,2019,24,5,SEA,882,937,0.9413020277481323,226,45,58,0.38696807163164676,0.555803546851508,0.47453739419660124,-0.6368474673869,0.31,NA
BTN,2020,24,5,SEA,801,848,0.9445754716981132,201,39,59,0.684955891887273,0.41043244129078993,0.3348174972968429,-0.5713403419712327,0.66,1
BTN,2021,24,5,SEA,754,799,0.9436795994993742,185,35,60,0.9829437121428992,0.31739493373193034,0.24167089936367073,-0.5058332165555656,0.35,1
BTN,2022,24,5,SEA,674,748,0.9010695187165776,171,33,60,1.2809315323985255,0.2359871146179282,0.19509760039708463,-0.5058332165555656,0.37,1
BTN,2023,24,5,SEA,650,778,0.8354755784061697,179,35,60,1.5789193526541516,0.282505868397358,0.24167089936367073,-0.5058332165555656,0.69,1
BOL,2014,21,2,AMR,6730,8079,0.8330238890951851,134,14,55,-1.1029710296464843,0.02083787838806539,-0.2473487397854833,-0.8333688436339016,4.1,NA
BOL,2015,21,2,AMR,6608,7831,0.8438258204571575,123,14,58,-0.8049832093908581,-0.04312540805865058,-0.2473487397854833,-0.6368474673869,4.4,NA
BOL,2017,21,2,AMR,6267,7576,0.8272175290390708,104,13,64,-0.20900756887960567,-0.15360744828479636,-0.27063538926877634,-0.24380471489289668,4.5,NA
BOL,2018,21,2,AMR,6207,7631,0.81339274013890706,98,12,67,0.08898025137602054,-0.1884965136193687,-0.2939220387520694,-0.04728333864589502,4.9,NA
BOL,2019,21,2,AMR,6228,7461,0.8347406513872135,95,12,67,0.38696807163164676,-0.20594104628665486,-0.2939220387520694,-0.04728333864589502,4.8,NA
BOL,2020,21,2,AMR,4811,6007,0.8008989512235725,94,13,54,0.684955891887273,-0.21175589050908358,-0.27063538926877634,-0.8988759690495689,5.4,0
BOL,2021,21,2,AMR,5657,7099,0.7968727989857727,96,13,62,0.9829437121428992,-0.20012620206422616,-0.27063538926877634,-0.3748189657242311,4.5,0
BOL,2022,21,2,AMR,6347,7993,0.7940698110846991,99,12,67,1.2809315323985255,-0.18268166939693997,-0.2939220387520694,-0.04728333864589502,4.7,0
BOL,2023,21,2,AMR,6970,8833,0.7890863806181365,105,12,72,1.5789193526541516,-0.14779260406236763,-0.2939220387520694,0.2802522884324411,5.6,0
BIH,2012,18,4,EUR,1096,1301,0.8424289008455035,61,4.6,63,-1.6989466701577367,-0.4036457498492315,-0.466243244928438,-0.3093118403085639,0.17,NA
BIH,2013,18,4,EUR,1040,1261,0.8247422680412371,54,4.2,64,-1.4009588499021106,-0.44434965940623256,-0.4755579047217552,-0.24380471489289668,0.18,NA
BIH,2014,18,4,EUR,923,1196,0.7717391304347826,51,3.4,66,-1.1029710296464843,-0.46179419207351874,-0.4941872243083897,-0.11279046406156223,0.18,NA
BIH,2015,18,4,EUR,707,1092,0.6474358974358975,46,3.7,67,-0.8049832093908581,-0.4908684131856624,-0.4872012294634017,-0.04728333864589502,0.18,NA
BIH,2016,18,4,EUR,505,907,0.5567805953693495,38,3.2,69,-0.5069953891352319,-0.5373871669650921,-0.49884455420504825,0.08373091218543942,0.19,NA
BIH,2017,18,4,EUR,343,766,0.44778067885117495,32,2.2,70,-0.20900756887960567,-0.5722762322996645,-0.5221312036883413,0.14923803760110665,0.19,NA
BIH,2018,18,4,EUR,189,666,0.28378378378378377,28,2.3,69,0.08898025137602054,-0.5955356091893794,-0.5198025387400119,0.08373091218543942,0.2,NA
BIH,2019,18,4,EUR,185,580,0.31896551724137934,25,2.1,68,0.38696807163164676,-0.6129801418566656,-0.5244598686366706,0.018223786769772203,0.2,NA
BIH,2020,18,4,EUR,183,357,0.5126050420168067,25,2.1,43,0.684955891887273,-0.6129801418566656,-0.5244598686366706,-1.6194543486219084,0.2,0
BIH,2021,18,4,EUR,166,361,0.4598337950138504,23,1.6,48,0.9829437121428992,-0.6246098303015231,-0.5361031933783171,-1.2919187215435721,0.2,1
BIH,2022,18,4,EUR,200,428,0.4672897196261682,21,1.9,64,1.2809315323985255,-0.6362395187463805,-0.5291171985333293,-0.24380471489289668,0.2,1
BIH,2023,18,4,EUR,166,444,0.3738738738738739,20,2.1,70,1.5789193526541516,-0.6420543629688092,-0.5244598686366706,0.14923803760110665,0.2,1
BWA,2013,25,1,AFR,5298,7254,0.7303556658395368,503,139,63,-1.4009588499021106,2.166515396464265,2.663482445626148,-0.3093118403085639,60,NA
BWA,2014,25,1,AFR,4990,6439,0.7749650566858208,470,142,59,-1.1029710296464843,1.9746255371241168,2.733342394076027,-0.5713403419712327,60,NA
BWA,2015,25,1,AFR,4729,5988,0.789746158984636,437,150,52,-0.8049832093908581,1.782735677783969,2.9196355899423714,-1.0298902198809032,60,NA
BWA,2016,25,1,AFR,4495,5726,0.785015717778554,405,119,60,-0.5069953891352319,1.5966606626662498,2.197749455960287,-0.5058332165555656,60,NA
BWA,2017,25,1,AFR,4169,5375,0.7756279069767442,372,97,63,-0.20900756887960567,1.4047708033261017,1.6854431673278398,-0.3093118403085639,48,NA
BWA,2018,25,1,AFR,3950,4844,0.8154417836498762,339,97,60,0.08898025137602054,1.2128809439859538,1.6854431673278398,-0.5058332165555656,54,NA
BWA,2019,25,1,AFR,2705,3759,0.7196062782654962,306,112,43,0.38696807163164676,1.020991084645806,2.034742909577236,-1.6194543486219084,49,NA
BWA,2020,25,1,AFR,2270,2929,0.7750085353362922,274,108,38,0.684955891887273,0.8349160695280868,1.9415963116440633,-1.9469899757002445,49,1
BWA,2021,25,1,AFR,2141,2800,0.7646428571428572,241,91,41,0.9829437121428992,0.6430262101879389,1.5457232704280817,-1.7504685994532427,48,1
BWA,2022,25,1,AFR,2409,3187,0.7558832758079699,208,66,52,1.2809315323985255,0.451136350847791,0.9635570333457554,-1.0298902198809032,46,1
BWA,2023,25,1,AFR,2724,3241,0.8404813329219377,175,66,40,1.5789193526541516,0.2592464915076431,0.9635570333457554,-1.81597572486891,45,1
BRA,2012,22,2,AMR,53884,74973,0.7187120696784176,42,3.6,92,-1.6989466701577367,-0.5141277900753772,-0.489529894411731,1.5903947967457854,17,NA
BRA,2013,22,2,AMR,55123,76543,0.7201572972054924,42,3.6,92,-1.4009588499021106,-0.5141277900753772,-0.489529894411731,1.5903947967457854,16,NA
BRA,2014,22,2,AMR,52960,74117,0.7145459206389897,41,3.5,92,-1.1029710296464843,-0.519942634297806,-0.49185855936006034,1.5903947967457854,15,NA
BRA,2015,22,2,AMR,52439,74064,0.7080227910995895,41,3.4,92,-0.8049832093908581,-0.519942634297806,-0.4941872243083897,1.5903947967457854,13,NA
BRA,2016,22,2,AMR,54052,75223,0.7185568243755235,41,3.2,92,-0.5069953891352319,-0.519942634297806,-0.49884455420504825,1.5903947967457854,12,NA
BRA,2017,22,2,AMR,55855,78652,0.7101535879570767,43,3.3,92,-0.20900756887960567,-0.5083129458529485,-0.4965158892567189,1.5903947967457854,12,NA
BRA,2018,22,2,AMR,58149,81951,0.7095581506021891,45,3.2,92,0.08898025137602054,-0.4966832574080911,-0.49884455420504825,1.5903947967457854,11,NA
BRA,2019,22,2,AMR,57650,83805,0.6879064494958534,45,3.2,92,0.38696807163164676,-0.4966832574080911,-0.49884455420504825,1.5903947967457854,11,NA
BRA,2020,22,2,AMR,48548,72825,0.6666392035702026,45,3.2,82,0.684955891887273,-0.4966832574080911,-0.49884455420504825,0.9353235425891133,11,1
BRA,2021,22,2,AMR,50439,78023,0.6464632223831435,47,3.6,82,0.9829437121428992,-0.48505356896323365,-0.489529894411731,0.9353235425891133,12,1
BRA,2022,22,2,AMR,57245,87253,0.6560805932174252,49,4.8,86,1.2809315323985255,-0.4734238805183762,-0.46158591503177937,1.1973520442517822,12,1
BRA,2023,22,2,AMR,58945,90537,0.6510597877111015,49,4.2,89,1.5789193526541516,-0.4734238805183762,-0.4755579047217552,1.393873420498784,12,1
BRN,2012,23,6,WPR,173,243,0.7119341563786008,86,4.1,69,-1.6989466701577367,-0.2582746442885134,-0.4778865696700845,0.08373091218543942,0.82,NA
BRN,2013,23,6,WPR,154,212,0.7264150943396226,73,4.7,71,-1.4009588499021106,-0.3338676191800868,-0.46391457998010865,0.21474516301677388,0,NA
BRN,2014,23,6,WPR,129,198,0.6515151515151515,66,4.2,72,-1.1029710296464843,-0.3745715287370879,-0.4755579047217552,0.2802522884324411,0,NA
BRN,2015,23,6,WPR,157,212,0.7405660377358491,69,3.8,73,-0.8049832093908581,-0.3571269960698017,-0.4848725645150724,0.3457594138481083,0.47,NA
BRN,2016,23,6,WPR,175,242,0.7231404958677686,75,3.9,75,-0.5069953891352319,-0.3222379307352294,-0.48254389956674315,0.47677366467944277,1.2,NA
BRN,2017,23,6,WPR,179,238,0.7521008403361344,71,4.4,78,-0.20900756887960567,-0.34549730762494424,-0.4709005748250965,0.6732950409264444,0.84,NA
BRN,2018,23,6,WPR,193,252,0.7658730158730159,75,3.3,77,0.08898025137602054,-0.3222379307352294,-0.4965158892567189,0.6077879155107772,1.2,NA
BRN,2019,23,6,WPR,191,253,0.7549407114624506,71,4.2,77,0.38696807163164676,-0.34549730762494424,-0.4755579047217552,0.6077879155107772,0.83,NA
BRN,2020,23,6,WPR,216,300,0.72,90,5.5,78,0.684955891887273,-0.2350152673987985,-0.4452852603934742,0.6732950409264444,1.6,1
BRN,2021,23,6,WPR,161,229,0.7030567685589519,66,5.4,79,0.9829437121428992,-0.3745715287370879,-0.4476139253418035,0.7388021663421116,1.7,1
BRN,2022,23,6,WPR,174,224,0.7767857142857143,63,5.5,79,1.2809315323985255,-0.39201606140437406,-0.4452852603934742,0.7388021663421116,2.7,1
BRN,2023,23,6,WPR,195,260,0.75,72,5.5,79,1.5789193526541516,-0.3396824634025155,-0.4452852603934742,0.7388021663421116,2,1
BGR,2012,15,4,EUR,1892,2180,0.8678899082568807,44,2.5,64,-1.6989466701577367,-0.5024981016305198,-0.5151452088433534,-0.24380471489289668,0.2,NA
BGR,2013,15,4,EUR,1625,1903,0.8539148712559117,41,2.3,66,-1.4009588499021106,-0.519942634297806,-0.5198025387400119,-0.11279046406156223,0.29,NA
BGR,2014,15,4,EUR,1530,1789,0.8552263834544438,38,1.9,67,-1.1029710296464843,-0.5373871669650921,-0.5291171985333293,-0.04728333864589502,0.22,NA
BGR,2015,15,4,EUR,1350,1598,0.8448060075093867,33,1.8,68,-0.8049832093908581,-0.5664613880772358,-0.5314458634816585,0.018223786769772203,0.9,NA
BGR,2016,15,4,EUR,1291,1510,0.8549668874172185,31,1.7,69,-0.5069953891352319,-0.5780910765220932,-0.5337745284299878,0.08373091218543942,0,NA
BGR,2017,15,4,EUR,1167,1386,0.841991341991342,28,1.5,71,-0.20900756887960567,-0.5955356091893794,-0.5384318583266464,0.21474516301677388,0.26,NA
BGR,2018,15,4,EUR,1085,1268,0.8556782334384858,25,1.5,73,0.08898025137602054,-0.6129801418566656,-0.5384318583266464,0.3457594138481083,0,NA
BGR,2019,15,4,EUR,1045,1278,0.8176838810641628,25,1.6,74,0.38696807163164676,-0.6129801418566656,-0.5361031933783171,0.41126653926377554,0.09,NA
BGR,2021,15,4,EUR,530,671,0.789865871833085,13,0.86,75,0.9829437121428992,-0.6827582725258102,-0.553335313995954,0.47677366467944277,0,1
BGR,2023,15,4,EUR,650,848,0.7665094339622641,17,1.4,75,1.5789193526541516,-0.6594988956360954,-0.5407605232749758,0.47677366467944277,0.47,1
BFA,2014,13,1,AFR,4332,5322,0.8139797068771139,70,20,44,-1.1029710296464843,-0.35131215184737297,-0.10762884288572501,-1.553947223206241,12,NA
BFA,2015,13,1,AFR,4343,5553,0.78209976589231045,68,19,44,-0.8049832093908581,-0.3629418402922304,-0.13091549236901806,-1.553947223206241,9.3,NA
BFA,2016,13,1,AFR,4436,5539,0.8008665824155985,67,19,44,-0.5069953891352319,-0.36875668451465915,-0.13091549236901806,-1.553947223206241,9.7,NA
BFA,2017,13,1,AFR,4631,5768,0.8028779472954231,66,18,43,-0.20900756887960567,-0.3745715287370879,-0.1542021418523111,-1.6194543486219084,9.2,NA
BFA,2018,13,1,AFR,3951,4914,0.8040293040293041,64,17,46,0.08898025137602054,-0.38620121718194533,-0.17748879133560416,-1.4229329723749067,9.8,NA
BFA,2019,13,1,AFR,4519,5583,0.8094214579974924,63,19,37,0.38696807163164676,-0.39201606140437406,-0.13091549236901806,-2.012497101115912,8.3,NA
BFA,2020,13,1,AFR,4655,5691,0.8179581795817958,62,17,43,0.684955891887273,-0.3978309056268028,-0.17748879133560416,-1.6194543486219084,7.8,1
BFA,2021,13,1,AFR,5560,6782,0.8198171630787379,61,14,52,0.9829437121428992,-0.4036457498492315,-0.2473487397854833,-1.0298902198809032,5.8,1
BFA,2022,13,1,AFR,6034,7320,0.8243169398907104,59,13,56,1.2809315323985255,-0.41527543829408897,-0.27063538926877634,-0.7678617182182345,5.5,1
BFA,2023,13,1,AFR,6883,8514,0.8084331688982852,58,11,65,1.5789193526541516,-0.4210902825165177,-0.31720868823536247,-0.17829758947722946,6.5,1
BDI,2012,10,1,AFR,6273,7016,0.8940992018244014,142,39,48,-1.6989466701577367,0.06735663216749518,0.3348174972968429,-1.2919187215435721,19,NA
BDI,2013,10,1,AFR,6901,7547,0.9144030740691665,136,34,53,-1.4009588499021106,0.03246756683292284,0.2183842498803777,-0.9643830944652361,15,NA
BDI,2014,10,1,AFR,6679,7309,0.9138048980708715,130,33,52,-1.1029710296464843,-0.0024214985016495095,0.19509760039708463,-1.0298902198809032,14,NA
BDI,2015,10,1,AFR,6365,6892,0.9235345327916424,124,32,50,-0.8049832093908581,-0.037310563836221854,0.1718109509137916,-1.1609044707122378,14,NA
BDI,2016,10,1,AFR,7033,7662,0.9179065518141477,118,26,57,-0.5069953891352319,-0.0721996291707942,0.03209105401403328,-0.7023545928025672,12,NA
BDI,2017,10,1,AFR,7339,7862,0.9334774866446197,112,23,60,-0.20900756887960567,-0.10708869450536655,-0.037768894435845864,-0.5058332165555656,12,NA
BDI,2018,10,1,AFR,6683,7119,0.938755443180222,106,24,57,0.08898025137602054,-0.1419777598399389,-0.014482244952552814,-0.7023545928025672,11,NA
BDI,2019,10,1,AFR,6341,6753,0.9389900784836369,102,23,54,0.38696807163164676,-0.1652371367296538,-0.037768894435845864,-0.8988759690495689,8.4,NA
BDI,2020,10,1,AFR,6741,7105,0.948768472906404,97,21,58,0.684955891887273,-0.19431135784179743,-0.08434219340243196,-0.6368474673869,8,1
BDI,2021,10,1,AFR,6418,6788,0.9454920447849146,93,20,56,0.9829437121428992,-0.2175707347315123,-0.10762884288572501,-0.7678617182182345,5.9,1
BDI,2022,10,1,AFR,6693,7152,0.9358221476510067,89,16,64,1.2809315323985255,-0.24083011162122722,-0.2007754408188972,-0.24380471489289668,5.8,1
BDI,2023,10,1,AFR,7359,7948,0.9258933064921993,86,14,68,1.5789193526541516,-0.2582746442885134,-0.2473487397854833,0.018223786769772203,5.9,1
CPV,2012,37,1,AFR,349,407,0.8574938574938575,131,9.6,63,-1.6989466701577367,0.003393345720779215,-0.3498099975119727,-0.3093118403085639,12,NA
CPV,2013,37,1,AFR,267,302,0.8841059602649006,92,6.8,64,-1.4009588499021106,-0.22338557895394104,-0.41501261606519324,-0.24380471489289668,8.3,NA
CPV,2014,37,1,AFR,255,276,0.9239130434782609,81,6.7,66,-1.1029710296464843,-0.287348865400657,-0.4173412810135226,-0.11279046406156223,9.3,NA
CPV,2015,37,1,AFR,240,269,0.8921933085501859,78,7.1,67,-0.8049832093908581,-0.3047933980679432,-0.4080266212202054,-0.04728333864589502,12,NA
CPV,2016,37,1,AFR,214,247,0.8663967611336032,70,6,68,-0.5069953891352319,-0.35131215184737297,-0.4336419356518277,0.018223786769772203,8.1,NA
CPV,2017,37,1,AFR,226,249,0.9076305220883534,70,6.6,70,-0.20900756887960567,-0.35131215184737297,-0.4196699459618519,0.14923803760110665,11,NA
CPV,2018,37,1,AFR,180,200,0.9,56,6.6,70,0.08898025137602054,-0.4327199709613751,-0.4196699459618519,0.14923803760110665,14,NA
CPV,2019,37,1,AFR,181,203,0.8916256157635468,57,7,70,0.38696807163164676,-0.42690512673894637,-0.41035528616853467,0.14923803760110665,16,NA
CPV,2020,37,1,AFR,189,207,0.9130434782608695,57,7,70,0.684955891887273,-0.42690512673894637,-0.41035528616853467,0.14923803760110665,13,1
CPV,2021,37,1,AFR,167,182,0.9175824175824175,49,5.6,71,0.9829437121428992,-0.4734238805183762,-0.442956595445145,0.21474516301677388,8.1,1
CPV,2022,37,1,AFR,120,168,0.7142857142857143,39,4.7,71,1.2809315323985255,-0.5315723227426634,-0.46391457998010865,0.21474516301677388,12,1
CPV,2023,37,1,AFR,108,197,0.5482233502538071,53,6.3,71,1.5789193526541516,-0.4501645036286613,-0.4266559408068398,0.21474516301677388,11,1
KHM,2012,87,6,WPR,36057,38295,0.9415589502546025,393,28,68,-1.6989466701577367,1.526882531997105,0.07866435298061938,0.018223786769772203,4.4,NA
KHM,2013,87,6,WPR,33048,35536,0.929986492570914,373,27,67,-1.4009588499021106,1.4105856475485306,0.05537770349732633,-0.04728333864589502,3.9,NA
KHM,2014,87,6,WPR,40119,43139,0.9299937411622894,355,25,79,-1.1029710296464843,1.3059184515448135,0.008804404530740235,0.7388021663421116,2.7,NA
KHM,2015,87,6,WPR,33038,35167,0.9394602894759292,339,24,66,-0.8049832093908581,1.2128809439859538,-0.014482244952552814,-0.11279046406156223,2.5,NA
KHM,2016,87,6,WPR,30413,32478,0.9364184986760269,326,23,65,-0.5069953891352319,1.1372879690943805,-0.037768894435845864,-0.17829758947722946,2.5,NA
KHM,2017,87,6,WPR,32338,34238,0.9445061043285239,313,22,68,-0.20900756887960567,1.061694994202807,-0.061055543919138915,0.018223786769772203,2.5,NA
KHM,2018,87,6,WPR,27035,28611,0.9449162909370522,303,21,58,0.08898025137602054,1.0035465519785198,-0.08434219340243196,-0.6368474673869,2.1,NA
KHM,2019,87,6,WPR,28561,29606,0.9647031007228265,293,20,62,0.38696807163164676,0.9453981097542326,-0.10762884288572501,-0.3748189657242311,2.7,NA
KHM,2020,87,6,WPR,28066,29325,0.9570673486786019,285,19,61,0.684955891887273,0.8988793559748028,-0.13091549236901806,-0.44032609113989835,2.5,0
KHM,2021,87,6,WPR,20666,21648,0.9546378418329637,279,19,46,0.9829437121428992,0.8639902906402305,-0.13091549236901806,-1.4229329723749067,1.7,0
KHM,2022,87,6,WPR,31389,32772,0.9577993409007689,277,20,69,1.2809315323985255,0.852360602195373,-0.10762884288572501,0.08373091218543942,1.1,1
KHM,2023,87,6,WPR,30808,32217,0.9562653257596921,276,19,67,1.5789193526541516,0.8465457579729443,-0.13091549236901806,-0.04728333864589502,1.3,1
CMR,2014,32,1,AFR,21771,26022,0.8366382291906848,226,67,52,-1.1029710296464843,0.555803546851508,0.9868436828290483,-1.0298902198809032,37,NA
CMR,2015,32,1,AFR,21953,26117,0.8405636175671019,214,61,54,-0.8049832093908581,0.48602541618236333,0.84712378592929,-0.8988759690495689,36,NA
CMR,2016,32,1,AFR,21628,25638,0.8435915438021686,202,57,54,-0.5069953891352319,0.41624728551321866,0.7539771879961179,-0.8988759690495689,34,NA
CMR,2017,32,1,AFR,20504,24371,0.8413278076402282,189,52,54,-0.20900756887960567,0.34065431062164525,0.6375439405796526,-0.8988759690495689,31,NA
CMR,2018,32,1,AFR,19493,23165,0.8414849989207857,177,48,53,0.08898025137602054,0.2708761799525005,0.5443973426464803,-0.9643830944652361,29,NA
CMR,2019,32,1,AFR,20736,24163,0.8581715846542234,168,42,57,0.38696807163164676,0.21854258195064202,0.4046774457467221,-0.7023545928025672,27,NA
CMR,2020,32,1,AFR,18899,22100,0.855158371040724,158,42,53,0.684955891887273,0.16039413972635477,0.4046774457467221,-0.9643830944652361,24,1
CMR,2021,32,1,AFR,19685,22409,0.87844169753224155,150,37,55,0.9829437121428992,0.11387538594692498,0.28824419833025683,-0.8333688436339016,20,0
CMR,2022,32,1,AFR,21924,24722,0.8868214545748726,143,30,63,1.2809315323985255,0.07317147638992391,0.12523765194720549,-0.3093118403085639,18,0
CMR,2023,32,1,AFR,21948,24627,0.8912169569984164,137,27,65,1.5789193526541516,0.03828241105535156,0.05537770349732633,-0.17829758947722946,17,0
CAN,2013,27,2,AMR,1353,1651,0.8195033313143549,5.4,0.34,87,-1.4009588499021106,-0.7269510886162686,-0.5654443717272664,1.2628591696674494,3.8,NA
CAN,2014,27,2,AMR,1328,1612,0.8238213399503722,5,0.33,88,-1.1029710296464843,-0.72927702630524,-0.5656772382220994,1.3283662950831165,3.6,NA
CAN,2015,27,2,AMR,1380,1642,0.8404384896467723,5.1,0.37,90,-0.8049832093908581,-0.7286955418829972,-0.5647457722427676,1.459380545914451,3.5,NA
CAN,2016,27,2,AMR,1374,1753,0.7837992013690815,5.3,0.31,90,-0.5069953891352319,-0.7275325730385115,-0.5661429712117652,1.459380545914451,3.6,NA
CAN,2017,27,2,AMR,1470,1831,0.8028399781540142,5.4,0.31,90,-0.20900756887960567,-0.7269510886162686,-0.5661429712117652,1.459380545914451,3.7,NA
CAN,2018,27,2,AMR,1421,1821,0.7803404722679846,5.3,0.3,90,0.08898025137602054,-0.7275325730385115,-0.566375837706598,1.459380545914451,3.5,NA
CAN,2019,27,2,AMR,1519,1921,0.7907339927121291,5.6,0.23,90,0.38696807163164676,-0.7257881197717829,-0.5680059031704285,1.459380545914451,2.8,NA
CAN,2022,27,2,AMR,1366,1848,0.7391774891774892,5.6,0.36,91,1.2809315323985255,-0.7257881197717829,-0.5649786387376005,1.5248876713301183,2.8,1
CAN,2023,27,2,AMR,1606,2042,0.7864838393731636,6.2,0.23,91,1.5789193526541516,-0.7222992132383256,-0.5680059031704285,1.5248876713301183,2.8,1
CAF,2015,26,1,AFR,3870,4957,0.7807141416179141,503,165,45,-0.8049832093908581,2.166515396464265,3.2689353321917674,-1.4884400977905738,35,NA
CAF,2016,26,1,AFR,4159,5312,0.7829442771084337,493,157,45,-0.5069953891352319,2.1083669542399774,3.082642136325423,-1.4884400977905738,30,NA
CAF,2017,26,1,AFR,7269,9302,0.78144485056977,483,158,42,-0.20900756887960567,2.0502185120156904,3.105928785808716,-1.6849614740375756,28,NA
CAF,2018,26,1,AFR,8215,10390,0.7906641000962464,473,141,47,0.08898025137602054,1.992070069791403,2.7100557445927342,-1.3574258469592395,26,NA
CAF,2019,26,1,AFR,8665,10747,0.8062715176328278,464,125,53,0.38696807163164676,1.9397364717895444,2.337469352860045,-0.9643830944652361,25,NA
CAF,2020,26,1,AFR,9994,12610,0.7925455987311657,455,121,55,0.684955891887273,1.887402873787686,2.244322754926873,-0.8333688436339016,30,1
CAF,2021,26,1,AFR,10913,13216,0.8257415254237288,446,111,58,0.9829437121428992,1.8350692757858273,2.0114562600939427,-0.6368474673869,28,1
CAF,2022,26,1,AFR,13004,14389,0.9037459170199458,437,92,65,1.2809315323985255,1.782735677783969,1.5690099199113745,-0.17829758947722946,24,1
CAF,2023,26,1,AFR,12708,14239,0.8924784043823302,428,85,67,1.5789193526541516,1.7304020797821105,1.4060033735283233,-0.04728333864589502,23,1
TCD,2015,159,1,AFR,8778,11471,0.7652340685206173,157,43,50,-0.8049832093908581,0.15457929550392605,0.4279640952300151,-1.1609044707122378,22,NA
TCD,2016,159,1,AFR,8097,10911,0.7420951333516634,152,44,47,-0.5069953891352319,0.12550507439178243,0.45125074471330817,-1.3574258469592395,22,NA
TCD,2017,159,1,AFR,9283,11774,0.7884321386104977,145,38,52,-0.20900756887960567,0.08480116483478135,0.3115308478135499,-1.0298902198809032,20,NA
TCD,2018,159,1,AFR,10215,13078,0.7810827343630524,139,32,58,0.08898025137602054,0.04991209950020901,0.1718109509137916,-0.6368474673869,17,NA
TCD,2019,159,1,AFR,10929,13634,0.8015989438169283,135,30,61,0.38696807163164676,0.026652722610494114,0.12523765194720549,-0.44032609113989835,18,NA
TCD,2020,159,1,AFR,10404,12814,0.8119244576244732,131,30,57,0.684955891887273,0.003393345720779215,0.12523765194720549,-0.7023545928025672,15,1
TCD,2021,159,1,AFR,11255,13643,0.8249651836106429,127,27,60,0.9829437121428992,-0.019866031168935684,0.05537770349732633,-0.5058332165555656,14,1
TCD,2022,159,1,AFR,12230,14725,0.8305602716468591,123,24,65,1.2809315323985255,-0.04312540805865058,-0.014482244952552814,-0.17829758947722946,12,1
TCD,2023,159,1,AFR,13266,15772,0.8411108293177784,120,21,68,1.5789193526541516,-0.06056994072593676,-0.08434219340243196,0.018223786769772203,11,1
CHL,2012,29,2,AMR,1065,2397,0.44430538172715894,18,3.1,76,-1.6989466701577367,-0.6536840514136667,-0.5011732191533775,0.54228079009511,6.6,NA
CHL,2013,29,2,AMR,1126,2401,0.46897126197417743,18,3,77,-1.4009588499021106,-0.6536840514136667,-0.5035018841017068,0.6077879155107772,6.2,NA
CHL,2014,29,2,AMR,1363,2353,0.5792605184870379,17,2.4,77,-1.1029710296464843,-0.6594988956360954,-0.5174738737916827,0.6077879155107772,6.3,NA
CHL,2015,29,2,AMR,1596,2569,0.6212534059945504,18,3.1,78,-0.8049832093908581,-0.6536840514136667,-0.5011732191533775,0.6732950409264444,13,NA
CHL,2016,29,2,AMR,2011,2548,0.7892464678178964,17,2.8,80,-0.5069953891352319,-0.6594988956360954,-0.5081592139983654,0.8043092917577789,13,NA
CHL,2017,29,2,AMR,2021,2588,0.7809119010819165,18,2.6,81,-0.20900756887960567,-0.6536840514136667,-0.5128165438950241,0.869816417173446,11,NA
CHL,2018,29,2,AMR,2079,2864,0.7259078212290503,19,2.3,82,0.08898025137602054,-0.647869207191238,-0.5198025387400119,0.9353235425891133,10,NA
CHL,2019,29,2,AMR,2112,2850,0.7410526315789474,19,2,82,0.38696807163164676,-0.647869207191238,-0.5267885335849999,0.9353235425891133,11,NA
CHL,2020,29,2,AMR,1527,1992,0.766566265060241,15,1.8,82,0.684955891887273,-0.6711285840809529,-0.5314458634816585,0.9353235425891133,10,0
CHL,2021,29,2,AMR,1707,2309,0.7392810740580338,17,2,82,0.9829437121428992,-0.6594988956360954,-0.5267885335849999,0.9353235425891133,9.5,0
CHL,2022,29,2,AMR,1950,2757,0.7072905331882481,18,2.2,82,1.2809315323985255,-0.6536840514136667,-0.5221312036883413,0.9353235425891133,10,1
CHL,2023,29,2,AMR,2155,3124,0.689820742637644,20,1.9,82,1.5789193526541516,-0.6420543629688092,-0.5291171985333293,0.9353235425891133,9.3,1
CHN,2012,30,6,WPR,843308,885237,0.9526352829807159,73,3.3,88,-1.6989466701577367,-0.3338676191800868,-0.4965158892567189,1.3283662950831165,2,NA
CHN,2013,30,6,WPR,799489,841999,0.949513004172214,70,3.3,88,-1.4009588499021106,-0.35131215184737297,-0.4965158892567189,1.3283662950831165,1.9,NA
CHN,2014,30,6,WPR,771134,817318,0.9434932302971426,67,3,88,-1.1029710296464843,-0.36875668451465915,-0.5035018841017068,1.3283662950831165,1.8,NA
CHN,2015,30,6,WPR,749046,798281,0.9383237231000111,65,3,88,-0.8049832093908581,-0.3803863729595166,-0.5035018841017068,1.3283662950831165,1.7,NA
CHN,2016,30,6,WPR,724247,778493,0.930319219312184,63,3,88,-0.5069953891352319,-0.39201606140437406,-0.5035018841017068,1.3283662950831165,1.7,NA
CHN,2017,30,6,WPR,711670,764701,0.9306513264661613,62,2.8,88,-0.20900756887960567,-0.3978309056268028,-0.5081592139983654,1.3283662950831165,1.7,NA
CHN,2018,30,6,WPR,728962,776514,0.938762211627865,61,2.5,92,0.08898025137602054,-0.4036457498492315,-0.5151452088433534,1.5903947967457854,1.6,NA
CHN,2019,30,6,WPR,672773,711965,0.9449523501857535,58,2.3,88,0.38696807163164676,-0.4210902825165177,-0.5198025387400119,1.3283662950831165,1.6,NA
CHN,2020,30,6,WPR,576286,608737,0.9466912640434211,58,2.3,75,0.684955891887273,-0.4210902825165177,-0.5198025387400119,0.47677366467944277,1.4,0
CHN,2021,30,6,WPR,537587,570910,0.9416317808411133,55,2.1,75,0.9829437121428992,-0.43853481518380383,-0.5244598686366706,0.47677366467944277,1.3,1
CHN,2022,30,6,WPR,466843,493397,0.9461812698496342,52,2.2,67,1.2809315323985255,-0.45597934785109,-0.5221312036883413,-0.04728333864589502,1.8,1
CHN,2023,30,6,WPR,518653,548839,0.9450002641940533,52,2,76,1.5789193526541516,-0.45597934785109,-0.5267885335849999,0.54228079009511,1.3,1
HKG,2012,70,6,WPR,3215,4796,0.6703502919099249,113,3.1,59,-1.6989466701577367,-0.10127385028293782,-0.5011732191533775,-0.5713403419712327,0.57,NA
HKG,2013,70,6,WPR,3066,4600,0.6665217391304348,109,2.9,60,-1.4009588499021106,-0.12453322717265272,-0.5058305490500362,-0.5058332165555656,0.65,NA
HKG,2015,70,6,WPR,2779,4270,0.6508196721311476,98,2.7,62,-0.8049832093908581,-0.1884965136193687,-0.5104878789466948,-0.3748189657242311,0.64,NA
HKG,2016,70,6,WPR,2784,4315,0.6451911935110081,94,2.5,63,-0.5069953891352319,-0.21175589050908358,-0.5151452088433534,-0.3093118403085639,0.79,NA
HKG,2017,70,6,WPR,2739,4237,0.6464479584611753,90,2.9,64,-0.20900756887960567,-0.2350152673987985,-0.5058305490500362,-0.24380471489289668,0.95,NA
HKG,2018,70,6,WPR,2702,4224,0.6396780303030303,89,2.5,64,0.08898025137602054,-0.24083011162122722,-0.5151452088433534,-0.24380471489289668,0.66,NA
HKG,2019,70,6,WPR,2885,3977,0.7254211717374905,84,2.6,64,0.38696807163164676,-0.26990433273337083,-0.5128165438950241,-0.24380471489289668,1.2,NA
HKG,2020,70,6,WPR,2688,3610,0.7445983379501385,75,2.2,65,0.684955891887273,-0.3222379307352294,-0.5221312036883413,-0.17829758947722946,0.64,1
HKG,2021,70,6,WPR,2725,3662,0.7441288913162206,76,2.1,65,0.9829437121428992,-0.31642308651280066,-0.5244598686366706,-0.17829758947722946,1,1
HKG,2022,70,6,WPR,2341,2945,0.7949066213921901,66,1.9,65,1.2809315323985255,-0.3745715287370879,-0.5291171985333293,-0.17829758947722946,0.6,1
HKG,2023,70,6,WPR,2444,2966,0.8240053944706676,67,1.8,65,1.5789193526541516,-0.36875668451465915,-0.5314458634816585,-0.17829758947722946,0.79,1
MAC,2012,99,6,WPR,318,360,0.8833333333333333,117,23,59,-1.6989466701577367,-0.07801447339322293,-0.037768894435845864,-0.5713403419712327,1.1,NA
MAC,2013,99,6,WPR,355,433,0.8198614318706697,121,23,60,-1.4009588499021106,-0.05475509650350803,-0.037768894435845864,-0.5058332165555656,1.3,NA
MAC,2014,99,6,WPR,332,385,0.8623376623376623,106,20,61,-1.1029710296464843,-0.1419777598399389,-0.10762884288572501,-0.44032609113989835,1.7,NA
MAC,2015,99,6,WPR,290,363,0.7988980716253443,96,17,62,-0.8049832093908581,-0.20012620206422616,-0.17748879133560416,-0.3748189657242311,0.31,NA
MAC,2016,99,6,WPR,293,357,0.8207282913165266,89,16,63,-0.5069953891352319,-0.24083011162122722,-0.2007754408188972,-0.3093118403085639,1.2,NA
MAC,2017,99,6,WPR,311,378,0.8227513227513228,92,16,64,-0.20900756887960567,-0.22338557895394104,-0.2007754408188972,-0.24380471489289668,0,NA
MAC,2018,99,6,WPR,266,320,0.83125,77,13,64,0.08898025137602054,-0.3106082422903719,-0.27063538926877634,-0.24380471489289668,1,NA
MAC,2019,99,6,WPR,303,356,0.851123595505618,84,15,64,0.38696807163164676,-0.26990433273337083,-0.22406209030219026,-0.24380471489289668,0.31,NA
MAC,2020,99,6,WPR,300,359,0.8356545961002786,82,14,65,0.684955891887273,-0.2815340211782283,-0.2473487397854833,-0.17829758947722946,0.6,0
MAC,2021,99,6,WPR,272,333,0.8168168168168168,75,13,65,0.9829437121428992,-0.3222379307352294,-0.27063538926877634,-0.17829758947722946,1.3,1
MAC,2022,99,6,WPR,234,288,0.8125,64,11,65,1.2809315323985255,-0.38620121718194533,-0.31720868823536247,-0.17829758947722946,0.74,1
MAC,2023,99,6,WPR,251,284,0.8838028169014085,68,12,65,1.5789193526541516,-0.3629418402922304,-0.2939220387520694,-0.17829758947722946,1,1
COL,2013,35,2,AMR,8471,11902,0.7117291211561082,36,4,71,-1.4009588499021106,-0.5490168554099496,-0.4802152346184138,0.21474516301677388,17,NA
COL,2014,35,2,AMR,8894,11631,0.7646805949617401,34,3.5,73,-1.1029710296464843,-0.5606465438548071,-0.49185855936006034,0.3457594138481083,13,NA
COL,2015,35,2,AMR,8910,11858,0.75139146567718,33,3.4,76,-0.8049832093908581,-0.5664613880772358,-0.4941872243083897,0.54228079009511,13,NA
COL,2016,35,2,AMR,6105,10021,0.6092206366630076,34,3.5,78,-0.5069953891352319,-0.5606465438548071,-0.49185855936006034,0.6732950409264444,14,NA
COL,2017,35,2,AMR,9420,12970,0.7262914417887433,34,3.1,79,-0.20900756887960567,-0.5606465438548071,-0.5011732191533775,0.7388021663421116,12,NA
COL,2018,35,2,AMR,9734,13140,0.7407914764079148,34,3.4,79,0.08898025137602054,-0.5606465438548071,-0.4941872243083897,0.7388021663421116,13,NA
COL,2019,35,2,AMR,10120,13503,0.7494630822780123,36,3.4,79,0.38696807163164676,-0.5490168554099496,-0.4941872243083897,0.7388021663421116,12,NA
COL,2020,35,2,AMR,8228,11634,0.7072374075984185,39,3.8,62,0.684955891887273,-0.5315723227426634,-0.4848725645150724,-0.3748189657242311,13,1
COL,2021,35,2,AMR,9627,13141,0.7325926489612663,41,4.3,65,0.9829437121428992,-0.519942634297806,-0.47322923977342585,-0.17829758947722946,14,1
COL,2022,35,2,AMR,12352,16692,0.739995207284927,44,5.1,74,1.2809315323985255,-0.5024981016305198,-0.4545999201867915,0.41126653926377554,15,1
COL,2023,35,2,AMR,12940,18998,0.6811243288767239,46,5.5,82,1.5789193526541516,-0.4908684131856624,-0.4452852603934742,0.9353235425891133,15,1
COM,2012,36,1,AFR,101,116,0.8706896551724138,43,12,41,-1.6989466701577367,-0.5083129458529485,-0.2939220387520694,-1.7504685994532427,3.2,NA
COM,2017,36,1,AFR,120,128,0.9375,40,11,42,-0.20900756887960567,-0.5257574785202347,-0.31720868823536247,-1.6849614740375756,0,NA
COM,2022,36,1,AFR,88,104,0.8461538461538461,29,7.6,43,1.2809315323985255,-0.5897207649669507,-0.39638329647855886,-1.6194543486219084,1.9,1
COM,2023,36,1,AFR,102,111,0.918918918918919,26,6.1,49,1.5789193526541516,-0.6071652976342369,-0.43131327070349845,-1.226411596127905,2,1
COG,2014,34,1,AFR,2830,4108,0.6888997078870497,365,102,55,-1.1029710296464843,1.3640668937691007,1.8018764147443052,-0.8333688436339016,37,NA
COG,2015,34,1,AFR,6928,9807,0.7064341796675844,348,95,56,-0.8049832093908581,1.2652145419878125,1.6388698683612537,-0.7678617182182345,35,NA
COG,2016,34,1,AFR,8168,10656,0.7665165165165165,334,84,60,-0.5069953891352319,1.1838067228738103,1.3827167240450302,-0.5058332165555656,34,NA
COG,2017,34,1,AFR,6627,10005,0.662368815592204,321,82,58,-0.20900756887960567,1.108213747982237,1.336143425078444,-0.6368474673869,32,NA
COG,2018,34,1,AFR,6690,10791,0.619961078676675,311,72,63,0.08898025137602054,1.0500653057579497,1.1032769302455137,-0.3093118403085639,31,NA
COG,2019,34,1,AFR,8447,11802,0.7157261481104897,304,61,69,0.38696807163164676,1.0093613962009484,0.84712378592929,0.08373091218543942,30,NA
COG,2020,34,1,AFR,8408,11175,0.752393736017897,300,66,65,0.684955891887273,0.9861020193112336,0.9635570333457554,-0.17829758947722946,30,1
COG,2021,34,1,AFR,9315,11979,0.777610818933133,297,60,68,0.9829437121428992,0.9686574866439475,0.823837136445997,0.018223786769772203,30,1
COG,2022,34,1,AFR,11189,13727,0.8151089094485321,297,48,77,1.2809315323985255,0.9686574866439475,0.5443973426464803,0.6077879155107772,30,1
COG,2023,34,1,AFR,12414,14370,0.8638830897703549,298,47,78,1.5789193526541516,0.9744723308663762,0.5211106931631874,0.6732950409264444,30,1
CRI,2012,38,2,AMR,399,463,0.8617710583153347,14,1.5,75,-1.6989466701577367,-0.6769434283033815,-0.5384318583266464,0.47677366467944277,12,NA
CRI,2013,38,2,AMR,370,420,0.8809523809523809,12,1.1,75,-1.4009588499021106,-0.688573116748239,-0.5477465181199636,0.47677366467944277,9,NA
CRI,2014,38,2,AMR,405,455,0.8901098901098901,13,1.2,76,-1.1029710296464843,-0.6827582725258102,-0.5454178531716344,0.54228079009511,9.3,NA
CRI,2015,38,2,AMR,358,422,0.8483412322274881,12,0.91,76,-0.8049832093908581,-0.688573116748239,-0.5521709815217893,0.54228079009511,7.5,NA
CRI,2016,38,2,AMR,302,358,0.8435754189944135,9.6,0.89,79,-0.5069953891352319,-0.702528742882068,-0.5526367145114551,0.7388021663421116,9.3,NA
CRI,2017,38,2,AMR,348,379,0.9182058047493403,9.6,0.95,81,-0.20900756887960567,-0.702528742882068,-0.5512395155424576,0.869816417173446,9,NA
CRI,2018,38,2,AMR,346,393,0.8804071246819338,10,1,81,0.08898025137602054,-0.7002028051930964,-0.550075183068293,0.869816417173446,11,NA
CRI,2020,38,2,AMR,294,348,0.8448275862068966,9.7,1.1,70,0.684955891887273,-0.7019472584598251,-0.5477465181199636,0.14923803760110665,13,1
CRI,2021,38,2,AMR,299,360,0.8305555555555556,9.8,1.1,70,0.9829437121428992,-0.7013657740375823,-0.5477465181199636,0.14923803760110665,12,1
CRI,2023,38,2,AMR,399,462,0.8636363636363636,9.5,0.94,97,1.5789193526541516,-0.7031102273043108,-0.5514723820372905,1.9179304238241217,11,1
CIV,2014,31,1,AFR,16965,21495,0.7892533147243544,173,44,55,-1.1029710296464843,0.24761680306278563,0.45125074471330817,-0.8333688436339016,24,NA
CIV,2015,31,1,AFR,17749,22238,0.798138321791528,162,42,55,-0.8049832093908581,0.18365351661606968,0.4046774457467221,-0.8333688436339016,24,NA
CIV,2016,31,1,AFR,17333,21262,0.8152102342206754,153,39,54,-0.5069953891352319,0.13131991861421116,0.3348174972968429,-0.8988759690495689,22,NA
CIV,2017,31,1,AFR,17285,20760,0.8326107899807321,142,35,55,-0.20900756887960567,0.06735663216749518,0.24167089936367073,-0.8333688436339016,20,NA
CIV,2018,31,1,AFR,17584,20889,0.8417827564746996,133,31,57,0.08898025137602054,0.015023034165636663,0.14852430143049852,-0.7023545928025672,20,NA
CIV,2019,31,1,AFR,17845,21196,0.8419041328552557,126,28,60,0.38696807163164676,-0.02568087539136441,0.07866435298061938,-0.5058332165555656,18,NA
CIV,2020,31,1,AFR,16534,19688,0.8398008939455506,118,27,58,0.684955891887273,-0.0721996291707942,0.05537770349732633,-0.6368474673869,15,1
CIV,2021,31,1,AFR,17486,20659,0.8464107652838957,112,23,62,0.9829437121428992,-0.10708869450536655,-0.037768894435845864,-0.3748189657242311,13,1
CIV,2022,31,1,AFR,18536,21393,0.8664516430608142,107,20,67,1.2809315323985255,-0.13616291561751018,-0.10762884288572501,-0.04728333864589502,14,0
CIV,2023,31,1,AFR,18850,21477,0.8776831028542161,103,18,68,1.5789193526541516,-0.15942229250722506,-0.1542021418523111,0.018223786769772203,13,0
HRV,2012,72,4,EUR,51,538,0.09479553903345725,17,1.4,76,-1.6989466701577367,-0.6594988956360954,-0.5407605232749758,0.54228079009511,0.87,NA
HRV,2013,72,4,EUR,225,516,0.436046511627907,16,1.3,76,-1.4009588499021106,-0.6653137398585242,-0.543089188223305,0.54228079009511,0.8,NA
HRV,2014,72,4,EUR,354,496,0.7137096774193549,15,0.99,77,-1.1029710296464843,-0.6711285840809529,-0.550308049563126,0.6077879155107772,0.8,NA
HRV,2015,72,4,EUR,50,483,0.10351966873706005,15,1.1,77,-0.8049832093908581,-0.6711285840809529,-0.5477465181199636,0.6077879155107772,0.81,NA
HRV,2016,72,4,EUR,264,452,0.584070796460177,14,1.4,78,-0.5069953891352319,-0.6769434283033815,-0.5407605232749758,0.6732950409264444,0.86,NA
HRV,2017,72,4,EUR,245,372,0.6586021505376344,11,1.5,78,-0.20900756887960567,-0.6943879609706677,-0.5384318583266464,0.6732950409264444,0.91,NA
HRV,2018,72,4,EUR,107,363,0.29476584022038566,11,1,79,0.08898025137602054,-0.6943879609706677,-0.550075183068293,0.7388021663421116,0.94,NA
HRV,2019,72,4,EUR,72,295,0.2440677966101695,9.3,0.93,80,0.38696807163164676,-0.7042731961487966,-0.5517052485321234,0.8043092917577789,0.95,NA
HRV,2020,72,4,EUR,95,188,0.5053191489361702,5.6,0.67,80,0.684955891887273,-0.7257881197717829,-0.5577597773977796,0.8043092917577789,0.95,1
HRV,2021,72,4,EUR,79,170,0.4647058823529412,4.9,0.58,79,0.9829437121428992,-0.7298585107274829,-0.5598555758512761,0.7388021663421116,0.95,1
HRV,2022,72,4,EUR,112,214,0.5233644859813084,6.6,0.89,79,1.2809315323985255,-0.7199732755493542,-0.5526367145114551,0.7388021663421116,0.95,1
HRV,2023,72,4,EUR,161,260,0.6192307692307693,8.4,0.9,79,1.5789193526541516,-0.7095065559489824,-0.5524038480166222,0.7388021663421116,0.95,1
CUB,2012,39,2,AMR,624,732,0.8524590163934426,8.3,0.56,78,-1.6989466701577367,-0.7100880403712253,-0.5603213088409419,0.6732950409264444,9.5,NA
CUB,2013,39,2,AMR,628,747,0.8406961178045516,8.4,0.58,79,-1.4009588499021106,-0.7095065559489824,-0.5598555758512761,0.7388021663421116,8.6,NA
CUB,2014,39,2,AMR,597,729,0.8189300411522634,8,0.55,81,-1.1029710296464843,-0.7118324936379539,-0.5605541753357748,0.869816417173446,12,NA
CUB,2015,39,2,AMR,574,689,0.8330914368650217,7.5,0.59,82,-0.8049832093908581,-0.7147399157491683,-0.5596227093564431,0.9353235425891133,9.8,NA
CUB,2016,39,2,AMR,570,679,0.8394698085419735,7.3,0.52,83,-0.5069953891352319,-0.715902884593654,-0.5612527748202736,1.0008306680047805,9.7,NA
CUB,2017,39,2,AMR,578,708,0.8163841807909604,7.6,0.56,83,-0.20900756887960567,-0.7141584313269255,-0.5603213088409419,1.0008306680047805,14,NA
CUB,2018,39,2,AMR,585,710,0.823943661971831,7.6,0.43,83,0.08898025137602054,-0.7141584313269255,-0.56334857327377,1.0008306680047805,11,NA
CUB,2019,39,2,AMR,507,617,0.8217179902755267,6.8,0.46,83,0.38696807163164676,-0.7188103067048683,-0.5626499737892712,1.0008306680047805,11,NA
CUB,2020,39,2,AMR,455,573,0.794066317626527,6.2,0.44,84,0.684955891887273,-0.7222992132383256,-0.5631157067789371,1.0663377934204477,9.5,1
CUB,2021,39,2,AMR,405,500,0.81,5.4,0.55,84,0.9829437121428992,-0.7269510886162686,-0.5605541753357748,1.0663377934204477,5.3,1
CUB,2022,39,2,AMR,602,711,0.8466947960618847,7.7,0.45,84,1.2809315323985255,-0.7135769469046825,-0.5628828402841042,1.0663377934204477,7.8,1
CUB,2023,39,2,AMR,655,748,0.8756684491978609,8.1,0.78,84,1.5789193526541516,-0.711251009215711,-0.5551982459546174,1.0663377934204477,7.7,1
CYP,2012,40,4,EUR,28,65,0.4307692307692308,7.6,0.5,71,-1.6989466701577367,-0.7141584313269255,-0.5617185078099395,0.21474516301677388,4.2,NA
CYP,2015,40,4,EUR,35,63,0.5555555555555556,6.7,0.26,77,-0.8049832093908581,-0.7193917911271113,-0.5673073036859297,0.6077879155107772,3.8,NA
CYP,2016,40,4,EUR,37,56,0.6607142857142857,5.9,0.27,79,-0.5069953891352319,-0.7240436665050541,-0.5670744371910968,0.7388021663421116,4.1,NA
CYP,2017,40,4,EUR,34,51,0.6666666666666666,5.2,0.29,80,-0.20900756887960567,-0.7281140574607543,-0.5666087042014311,0.8043092917577789,0,NA
CYP,2018,40,4,EUR,30,51,0.5882352941176471,5,0.45,81,0.08898025137602054,-0.72927702630524,-0.5628828402841042,0.869816417173446,4.5,NA
CYP,2019,40,4,EUR,18,65,0.27692307692307694,6.4,0.26,81,0.38696807163164676,-0.7211362443938398,-0.5673073036859297,0.869816417173446,4.6,NA
CYP,2022,40,4,EUR,24,91,0.26373626373626374,8.7,0.52,81,1.2809315323985255,-0.7077621026822538,-0.5612527748202736,0.869816417173446,4.6,1
CYP,2023,40,4,EUR,31,78,0.3974358974358974,7.2,0.46,81,1.5789193526541516,-0.7164843690158968,-0.5626499737892712,0.869816417173446,4.6,1
CZE,2012,41,4,EUR,415,556,0.7464028776978417,6.8,0.3,79,-1.6989466701577367,-0.7188103067048683,-0.566375837706598,0.7388021663421116,0.65,NA
CZE,2013,41,4,EUR,321,468,0.6858974358974359,5.7,0.64,79,-1.4009588499021106,-0.72520663534954,-0.5584583768822784,0.7388021663421116,0.61,NA
CZE,2014,41,4,EUR,355,467,0.7601713062098501,5.7,0.38,80,-1.1029710296464843,-0.72520663534954,-0.5645129057479347,0.8043092917577789,0.61,NA
CZE,2015,41,4,EUR,343,499,0.687374749498998,6,0.55,80,-0.8049832093908581,-0.7234621820828113,-0.5605541753357748,0.8043092917577789,0.62,NA
CZE,2016,41,4,EUR,346,505,0.6851485148514852,5.9,0.41,82,-0.5069953891352319,-0.7240436665050541,-0.5638143062634359,0.9353235425891133,0.66,NA
CZE,2017,41,4,EUR,337,489,0.689161554192229,5.7,0.36,84,-0.20900756887960567,-0.72520663534954,-0.5649786387376005,1.0663377934204477,0.7,NA
CZE,2018,41,4,EUR,282,422,0.6682464454976303,5,0.37,83,0.08898025137602054,-0.72927702630524,-0.5647457722427676,1.0008306680047805,0.73,NA
CZE,2019,41,4,EUR,330,447,0.738255033557047,5.2,0.22,83,0.38696807163164676,-0.7281140574607543,-0.5682387696652615,1.0008306680047805,0.74,NA
CZE,2020,41,4,EUR,241,347,0.6945244956772334,4.1,0.24,84,0.684955891887273,-0.734510386105426,-0.5677730366755958,1.0663377934204477,0.74,1
CZE,2021,41,4,EUR,231,342,0.6754385964912281,4,0.35,84,0.9829437121428992,-0.7350918705276688,-0.5652115052324334,1.0663377934204477,0.74,1
CZE,2022,41,4,EUR,225,360,0.625,4.2,0.22,84,1.2809315323985255,-0.733928901683183,-0.5682387696652615,1.0663377934204477,2,1
CZE,2023,41,4,EUR,295,418,0.7057416267942583,4.9,0.4,84,1.5789193526541516,-0.7298585107274829,-0.5640471727582688,1.0663377934204477,6,1
COD,2016,33,1,AFR,113219,127503,0.8879712634212529,443,143,35,-0.5069953891352319,1.8176247431185413,2.75662904355932,-2.143511351947246,13,NA
COD,2017,33,1,AFR,135234,149657,0.9036262921213174,434,128,40,-0.20900756887960567,1.7652911451166828,2.4073293013099244,-1.81597572486891,10,NA
COD,2018,33,1,AFR,157387,169748,0.9271802907839857,426,118,44,0.08898025137602054,1.718772391337253,2.1744628064769937,-1.553947223206241,11,NA
COD,2019,33,1,AFR,164580,178527,0.9218773630879363,417,112,46,0.38696807163164676,1.6664387933353944,2.034742909577236,-1.4229329723749067,11,NA
COD,2020,33,1,AFR,188943,200955,0.940225423602299,409,98,51,0.684955891887273,1.6199200395559645,1.708729816811133,-1.0953973452965706,7.8,1
COD,2021,33,1,AFR,204357,214408,0.9531220849968285,401,92,54,0.9829437121428992,1.573401285776535,1.5690099199113745,-0.8988759690495689,8,1
COD,2022,33,1,AFR,234898,246119,0.9544082334155429,392,77,61,1.2809315323985255,1.5210676877746763,1.219710177661979,-0.44032609113989835,6.8,1
COD,2023,33,1,AFR,245656,258069,0.9519004607294949,385,72,63,1.5789193526541516,1.4803637782176753,1.1032769302455137,-0.3093118403085639,6.5,1
DNK,2012,44,4,EUR,230,358,0.6424581005586593,7.8,0.46,78,-1.6989466701577367,-0.7129954624824396,-0.5626499737892712,0.6732950409264444,3,NA
DNK,2013,44,4,EUR,193,329,0.5866261398176292,7.5,0.34,79,-1.4009588499021106,-0.7147399157491683,-0.5654443717272664,0.7388021663421116,2.7,NA
DNK,2014,44,4,EUR,152,291,0.5223367697594502,6.5,0.27,80,-1.1029710296464843,-0.720554759971597,-0.5670744371910968,0.8043092917577789,2.5,NA
DNK,2015,44,4,EUR,157,314,0.5,7,0.35,80,-0.8049832093908581,-0.7176473378603826,-0.5652115052324334,0.8043092917577789,2.5,NA
DNK,2016,44,4,EUR,108,288,0.375,6.3,0.44,81,-0.5069953891352319,-0.7217177288160828,-0.5631157067789371,0.869816417173446,2.5,NA
DNK,2017,44,4,EUR,99,251,0.3944223107569721,5.4,0.27,81,-0.20900756887960567,-0.7269510886162686,-0.5670744371910968,0.869816417173446,2.6,NA
DNK,2018,44,4,EUR,42,266,0.15789473684210525,5.7,0.2,82,0.08898025137602054,-0.72520663534954,-0.5687045026549274,0.9353235425891133,2.6,NA
DNK,2019,44,4,EUR,117,259,0.4517374517374517,5.4,0.29,82,0.38696807163164676,-0.7269510886162686,-0.5666087042014311,0.9353235425891133,2.2,NA
DNK,2020,44,4,EUR,71,206,0.3446601941747573,4.3,0.21,82,0.684955891887273,-0.7333474172609402,-0.5684716361600944,0.9353235425891133,2.2,1
DNK,2021,44,4,EUR,40,199,0.20100502512562815,4,0.17,82,0.9829437121428992,-0.7350918705276688,-0.5694031021394261,0.9353235425891133,2.2,1
DNK,2022,44,4,EUR,38,206,0.18446601941747573,4.2,0.19,82,1.2809315323985255,-0.733928901683183,-0.5689373691497603,0.9353235425891133,2.7,1
DNK,2023,44,4,EUR,50,168,0.2976190476190476,3.5,0.19,82,1.5789193526541516,-0.7379992926388832,-0.5689373691497603,0.9353235425891133,2.7,1
DJI,2012,43,3,EMR,1108,3570,0.3103641456582633,1020,361,35,-1.6989466701577367,5.1727898594599155,7.8331186309172045,-2.143511351947246,25,NA
DJI,2013,43,3,EMR,1031,1383,0.7454808387563269,889,305,36,-1.4009588499021106,4.411045266321753,6.529066259852794,-2.078004226531579,23,NA
DJI,2014,43,3,EMR,1008,1240,0.8129032258064516,651,197,37,-1.1029710296464843,3.0271123413837158,4.0141081156571445,-2.012497101115912,8.5,NA
DJI,2017,43,3,EMR,895,1059,0.8451369216241738,454,122,43,-0.20900756887960567,1.8815880295652572,2.267609404410166,-1.6194543486219084,4.8,NA
DJI,2018,43,3,EMR,1680,1997,0.8412618928392589,433,115,43,0.08898025137602054,1.759476300894254,2.1046028580271146,-1.6194543486219084,3.6,NA
DJI,2019,43,3,EMR,1500,1825,0.821917808219178,389,103,43,0.38696807163164676,1.5036231551073902,1.8251630642275982,-1.6194543486219084,3.3,NA
DJI,2020,43,3,EMR,1440,1701,0.8465608465608465,366,99,42,0.684955891887273,1.3698817379915296,1.732016466294426,-1.6849614740375756,3.9,1
DJI,2021,43,3,EMR,1471,1792,0.8208705357142857,392,107,41,0.9829437121428992,1.5210676877746763,1.9183096621607703,-1.7504685994532427,2.7,1
DOM,2013,45,2,AMR,2404,2898,0.8295376121463078,62,9.1,70,-1.4009588499021106,-0.3978309056268028,-0.36145332225361926,0.14923803760110665,25,NA
DOM,2014,45,2,AMR,2293,2770,0.827797833935018,60,8.3,72,-1.1029710296464843,-0.40946059407166024,-0.3800826418402537,0.2802522884324411,23,NA
DOM,2015,45,2,AMR,3563,4468,0.7974485228290062,59,7.7,73,-0.8049832093908581,-0.41527543829408897,-0.3940546315302295,0.3457594138481083,24,NA
DOM,2016,45,2,AMR,3072,4117,0.7461743988341025,55,7,73,-0.5069953891352319,-0.43853481518380383,-0.41035528616853467,0.3457594138481083,24,NA
DOM,2017,45,2,AMR,2815,3791,0.7425481403323662,50,6.3,73,-0.20900756887960567,-0.46760903629594747,-0.4266559408068398,0.3457594138481083,25,NA
DOM,2018,45,2,AMR,2855,3737,0.763981803585764,49,5.7,73,0.08898025137602054,-0.4734238805183762,-0.44062793049681565,0.3457594138481083,25,NA
DOM,2019,45,2,AMR,2735,3428,0.7978413068844807,45,4.8,74,0.38696807163164676,-0.4966832574080911,-0.46158591503177937,0.41126653926377554,25,NA
DOM,2020,45,2,AMR,2025,2418,0.8374689826302729,46,6.9,52,0.684955891887273,-0.4908684131856624,-0.4126839511168639,-1.0298902198809032,25,1
DOM,2021,45,2,AMR,2595,3175,0.8173228346456692,47,6.4,64,0.9829437121428992,-0.48505356896323365,-0.42432727585851043,-0.24380471489289668,24,1
DOM,2022,45,2,AMR,3088,3853,0.8014534129249935,49,4,75,1.2809315323985255,-0.4734238805183762,-0.4802152346184138,0.47677366467944277,21,1
DOM,2023,45,2,AMR,3379,4177,0.8089537945894183,50,4.1,78,1.5789193526541516,-0.46760903629594747,-0.4778865696700845,0.6732950409264444,23,1
ECU,2012,47,2,AMR,3977,5310,0.7489642184557439,51,5.4,69,-1.6989466701577367,-0.46179419207351874,-0.4476139253418035,0.08373091218543942,11,NA
ECU,2013,47,2,AMR,3946,5277,0.7477733560735266,47,5.2,71,-1.4009588499021106,-0.48505356896323365,-0.4522712552384622,0.21474516301677388,14,NA
ECU,2014,47,2,AMR,3899,5072,0.768730283911672,44,5.1,73,-1.1029710296464843,-0.5024981016305198,-0.4545999201867915,0.3457594138481083,13,NA
ECU,2015,47,2,AMR,3943,5097,0.773592309201491,42,4.7,75,-0.8049832093908581,-0.5141277900753772,-0.46391457998010865,0.47677366467944277,11,NA
ECU,2016,47,2,AMR,3811,5284,0.7212339137017411,42,4.7,76,-0.5069953891352319,-0.5141277900753772,-0.46391457998010865,0.54228079009511,13,NA
ECU,2017,47,2,AMR,4233,5721,0.7399056109071841,44,5.1,77,-0.20900756887960567,-0.5024981016305198,-0.4545999201867915,0.6077879155107772,13,NA
EGY,2013,48,3,EMR,6756,7876,0.8577958354494667,14,0.36,60,-1.4009588499021106,-0.6769434283033815,-0.5649786387376005,-0.5058332165555656,0.58,NA
EGY,2014,48,3,EMR,6043,7177,0.841995262644559,13,0.34,55,-1.1029710296464843,-0.6827582725258102,-0.5654443717272664,-0.8333688436339016,0.61,NA
EGY,2015,48,3,EMR,6698,7860,0.8521628498727736,13,0.46,61,-0.8049832093908581,-0.6827582725258102,-0.5626499737892712,-0.44032609113989835,0.64,NA
EGY,2016,48,3,EMR,6917,7974,0.8674441936292953,13,0.46,63,-0.5069953891352319,-0.6827582725258102,-0.5626499737892712,-0.3093118403085639,0.69,NA
EGY,2017,48,3,EMR,6913,8053,0.8584378492487272,12,0.46,64,-0.20900756887960567,-0.688573116748239,-0.5626499737892712,-0.24380471489289668,0.74,NA
EGY,2018,48,3,EMR,7159,8291,0.8634664093595465,12,0.46,66,0.08898025137602054,-0.688573116748239,-0.5626499737892712,-0.11279046406156223,0.79,NA
EGY,2019,48,3,EMR,7000,8046,0.8699975142928164,11,0.46,65,0.38696807163164676,-0.6943879609706677,-0.5626499737892712,-0.17829758947722946,0.83,NA
EGY,2020,48,3,EMR,6087,6834,0.8906935908691835,11,0.47,57,0.684955891887273,-0.6943879609706677,-0.5624171072944383,-0.7023545928025672,0.83,1
EGY,2021,48,3,EMR,5932,6725,0.8820817843866171,11,0.47,56,0.9829437121428992,-0.6943879609706677,-0.5624171072944383,-0.7678617182182345,0.83,1
EGY,2022,48,3,EMR,6916,7967,0.8680808334379315,11,0.46,67,1.2809315323985255,-0.6943879609706677,-0.5626499737892712,-0.04728333864589502,0.83,1
EGY,2023,48,3,EMR,8123,9277,0.8756063382559017,10,0.46,79,1.5789193526541516,-0.7002028051930964,-0.5626499737892712,0.7388021663421116,1.1,1
SLV,2012,148,2,AMR,1919,2053,0.9347296639064783,46,2.6,73,-1.6989466701577367,-0.4908684131856624,-0.5128165438950241,0.3457594138481083,11,NA
SLV,2013,148,2,AMR,2014,2176,0.9255514705882353,48,2.4,74,-1.4009588499021106,-0.4792387247408049,-0.5174738737916827,0.41126653926377554,9.5,NA
SLV,2014,148,2,AMR,1998,2206,0.9057116953762466,48,2.5,74,-1.1029710296464843,-0.4792387247408049,-0.5151452088433534,0.41126653926377554,9.3,NA
SLV,2015,148,2,AMR,2267,2452,0.9245513866231647,53,2.1,75,-0.8049832093908581,-0.4501645036286613,-0.5244598686366706,0.47677366467944277,7.7,NA
SLV,2016,148,2,AMR,2739,3034,0.9027686222808174,65,2.2,76,-0.5069953891352319,-0.3803863729595166,-0.5221312036883413,0.54228079009511,6.8,NA
SLV,2017,148,2,AMR,3316,3666,0.9045280960174578,77,1.9,76,-0.20900756887960567,-0.3106082422903719,-0.5291171985333293,0.54228079009511,4.7,NA
SLV,2018,148,2,AMR,3280,3615,0.9073305670816044,76,2.8,77,0.08898025137602054,-0.31642308651280066,-0.5081592139983654,0.6077879155107772,5.8,NA
SLV,2019,148,2,AMR,2701,3009,0.8976404120970423,63,2,77,0.38696807163164676,-0.39201606140437406,-0.5267885335849999,0.6077879155107772,6.4,NA
SLV,2020,148,2,AMR,1816,2042,0.8893241919686582,42,1.8,78,0.684955891887273,-0.5141277900753772,-0.5314458634816585,0.6732950409264444,6.1,1
SLV,2021,148,2,AMR,1697,1936,0.8765495867768595,39,1.8,79,0.9829437121428992,-0.5315723227426634,-0.5314458634816585,0.7388021663421116,6.6,1
SLV,2022,148,2,AMR,2170,2517,0.8621374652363926,51,2.2,79,1.2809315323985255,-0.46179419207351874,-0.5221312036883413,0.7388021663421116,8.2,1
SLV,2023,148,2,AMR,3858,4265,0.9045720984759672,86,2.4,79,1.5789193526541516,-0.2582746442885134,-0.5174738737916827,0.7388021663421116,6.1,1
GNQ,2014,64,1,AFR,321,551,0.5825771324863884,243,96,34,-1.1029710296464843,0.6546558986327964,1.6621565178445468,-2.209018477362913,40,NA
GNQ,2015,64,1,AFR,511,1191,0.4290512174643157,239,96,37,-0.8049832093908581,0.6313965217430815,1.6621565178445468,-2.012497101115912,50,NA
GNQ,2016,64,1,AFR,1223,1369,0.8933528122717312,234,90,40,-0.5069953891352319,0.6023223006309378,1.5224366209447886,-1.81597572486891,51,NA
GNQ,2017,64,1,AFR,1023,1367,0.7483540599853694,229,83,40,-0.20900756887960567,0.5732480795187942,1.3594300745617371,-1.81597572486891,39,NA
GNQ,2018,64,1,AFR,970,1482,0.6545209176788124,225,83,37,0.08898025137602054,0.5499887026290793,1.3594300745617371,-2.012497101115912,36,NA
GNQ,2019,64,1,AFR,1131,1481,0.763673193787981,220,76,40,0.38696807163164676,0.5209144815169356,1.196423528178686,-1.81597572486891,32,NA
GNQ,2020,64,1,AFR,1098,1477,0.7433987813134733,216,79,40,0.684955891887273,0.4976551046272208,1.2662834766285649,-1.81597572486891,42,1
GNQ,2021,64,1,AFR,1110,1887,0.5882352941176471,211,67,49,0.9829437121428992,0.46858088351507715,0.9868436828290483,-1.226411596127905,40,1
GNQ,2022,64,1,AFR,2558,3108,0.823037323037323,207,35,81,1.2809315323985255,0.4453215066253623,0.24167089936367073,0.869816417173446,55,1
GNQ,2023,64,1,AFR,2416,3556,0.6794150731158605,203,18,96,1.5789193526541516,0.4220621297356474,-0.1542021418523111,1.8524232984084543,63,1
ERI,2013,49,1,AFR,2539,2862,0.8871418588399721,229,65,41,-1.4009588499021106,0.5732480795187942,0.9402703838624623,-1.7504685994532427,6.6,NA
ERI,2014,49,1,AFR,2176,2389,0.9108413562159899,186,52,42,-1.1029710296464843,0.32320977795435907,0.6375439405796526,-1.6849614740375756,6.1,NA
ERI,2015,49,1,AFR,1852,2061,0.898592916060165,156,42,43,-0.8049832093908581,0.14876445128149732,0.4046774457467221,-1.6194543486219084,5.4,NA
ERI,2016,49,1,AFR,2025,2215,0.9142212189616253,163,44,43,-0.5069953891352319,0.1894683608384984,0.45125074471330817,-1.6194543486219084,6,NA
ERI,2017,49,1,AFR,1883,2036,0.924852652259332,147,39,44,-0.20900756887960567,0.09643085327963881,0.3348174972968429,-1.553947223206241,4.4,NA
ERI,2018,49,1,AFR,1742,1864,0.9345493562231759,132,35,44,0.08898025137602054,0.00920818994320794,0.24167089936367073,-1.553947223206241,4.4,NA
ERI,2019,49,1,AFR,1691,1816,0.9311674008810573,127,33,44,0.38696807163164676,-0.019866031168935684,0.19509760039708463,-1.553947223206241,3.9,NA
ERI,2020,49,1,AFR,1470,1617,0.9090909090909091,111,29,44,0.684955891887273,-0.11290353872779528,0.10195100246391244,-1.553947223206241,3.8,1
ERI,2021,49,1,AFR,1481,1586,0.9337957124842371,111,29,43,0.9829437121428992,-0.11290353872779528,0.10195100246391244,-1.6194543486219084,2.6,1
ERI,2022,49,1,AFR,1842,1955,0.9421994884910486,134,35,43,1.2809315323985255,0.02083787838806539,0.24167089936367073,-1.6194543486219084,3,1
ERI,2023,49,1,AFR,2065,2210,0.9343891402714932,149,39,43,1.5789193526541516,0.10806054172449625,0.3348174972968429,-1.6194543486219084,2.5,1
EST,2012,51,4,EUR,165,222,0.7432432432432432,27,4,72,-1.6989466701577367,-0.6013504534118082,-0.4802152346184138,0.2802522884324411,17,NA
EST,2013,51,4,EUR,197,226,0.8716814159292036,27,2.9,73,-1.4009588499021106,-0.6013504534118082,-0.5058305490500362,0.3457594138481083,13,NA
EST,2014,51,4,EUR,162,194,0.8350515463917526,24,2.8,75,-1.1029710296464843,-0.6187949860790943,-0.5081592139983654,0.47677366467944277,10,NA
EST,2015,51,4,EUR,142,172,0.8255813953488372,21,2.3,76,-0.8049832093908581,-0.6362395187463805,-0.5198025387400119,0.54228079009511,12,NA
EST,2016,51,4,EUR,133,166,0.8012048192771084,19,2.7,76,-0.5069953891352319,-0.647869207191238,-0.5104878789466948,0.54228079009511,12,NA
EST,2017,51,4,EUR,111,138,0.8043478260869565,17,2.1,77,-0.20900756887960567,-0.6594988956360954,-0.5244598686366706,0.6077879155107772,8.2,NA
EST,2018,51,4,EUR,96,115,0.8347826086956521,14,1.3,78,0.08898025137602054,-0.6769434283033815,-0.543089188223305,0.6732950409264444,8.9,NA
EST,2019,51,4,EUR,91,120,0.7583333333333333,14,1.6,78,0.38696807163164676,-0.6769434283033815,-0.5361031933783171,0.6732950409264444,12,NA
EST,2020,51,4,EUR,76,101,0.7524752475247525,11,0.95,79,0.684955891887273,-0.6943879609706677,-0.5512395155424576,0.7388021663421116,9.7,1
EST,2021,51,4,EUR,72,86,0.8372093023255814,10,1.3,79,0.9829437121428992,-0.7002028051930964,-0.543089188223305,0.7388021663421116,12,1
EST,2022,51,4,EUR,79,102,0.7745098039215687,12,1,79,1.2809315323985255,-0.688573116748239,-0.550075183068293,0.7388021663421116,5.1,1
EST,2023,51,4,EUR,66,77,0.8571428571428571,9.1,0.96,79,1.5789193526541516,-0.7054361649932823,-0.5510066490476246,0.7388021663421116,13,1
SWZ,2012,157,1,AFR,5184,7162,0.7238201619659314,1110,374,57,-1.6989466701577367,5.6961258394785,8.135845074200015,-0.7023545928025672,75,NA
SWZ,2013,157,1,AFR,5386,7191,0.7489917952996802,1030,343,57,-1.4009588499021106,5.230938301684202,7.41395894021793,-0.7023545928025672,74,NA
SWZ,2014,157,1,AFR,4262,5455,0.781301558203483,855,284,57,-1.1029710296464843,4.213340562759176,6.04004662070364,-0.7023545928025672,73,NA
SWZ,2015,157,1,AFR,3304,4148,0.7965284474445516,648,213,58,-0.8049832093908581,3.0096678087164297,4.386694507389834,-0.6368474673869,72,NA
SWZ,2016,157,1,AFR,2840,3403,0.8345577431677931,537,175,58,-0.5069953891352319,2.3642201000268415,3.5018018270246976,-0.6368474673869,70,NA
SWZ,2017,157,1,AFR,2631,3042,0.8648915187376726,502,162,58,-0.20900756887960567,2.160700552241836,3.199075383741888,-0.6368474673869,69,NA
SWZ,2018,157,1,AFR,2482,2771,0.8957055214723927,441,134,58,0.08898025137602054,1.8059950546736838,2.547049198209683,-0.6368474673869,60,NA
SWZ,2019,157,1,AFR,2227,2587,0.8608426749130267,363,91,67,0.38696807163164676,1.3524372053242433,1.5457232704280817,-0.04728333864589502,60,NA
SWZ,2020,157,1,AFR,1571,1949,0.806054386865059,336,86,53,0.684955891887273,1.1954364113186677,1.4292900230116163,-0.9643830944652361,62,1
SWZ,2021,157,1,AFR,1438,1822,0.7892425905598244,334,88,48,0.9829437121428992,1.1838067228738103,1.4758633219782025,-1.2919187215435721,62,1
SWZ,2022,157,1,AFR,1892,2289,0.8265618173875054,335,85,58,1.2809315323985255,1.1896215670962391,1.4060033735283233,-0.6368474673869,61,1
SWZ,2023,157,1,AFR,1794,2172,0.8259668508287292,326,82,57,1.5789193526541516,1.1372879690943805,1.336143425078444,-0.7023545928025672,61,1
ETH,2019,52,1,AFR,96651,107230,0.9013429077683484,163,23,59,0.38696807163164676,0.1894683608384984,-0.037768894435845864,-0.5713403419712327,6.5,NA
ETH,2022,52,1,AFR,97825,113638,0.8608476037945053,146,19,62,1.2809315323985255,0.09061600905721008,-0.13091549236901806,-0.3748189657242311,3.9,1
ETH,2023,52,1,AFR,128783,134000,0.9610671641791044,143,22,73,1.5789193526541516,0.07317147638992391,-0.061055543919138915,0.3457594138481083,8.3,1
FJI,2012,54,6,WPR,182,211,0.8625592417061612,43,4.1,53,-1.6989466701577367,-0.5083129458529485,-0.4778865696700845,-0.9643830944652361,2.1,NA
FJI,2013,54,6,WPR,192,248,0.7741935483870968,51,4.1,54,-1.4009588499021106,-0.46179419207351874,-0.4778865696700845,-0.8988759690495689,2.2,NA
FJI,2014,54,6,WPR,273,315,0.8666666666666667,74,5,56,-1.1029710296464843,-0.32805277495765806,-0.45692858513512075,-0.7678617182182345,3.9,NA
FJI,2015,54,6,WPR,293,341,0.8592375366568915,69,4.4,58,-0.8049832093908581,-0.3571269960698017,-0.4709005748250965,-0.6368474673869,1.8,NA
FJI,2016,54,6,WPR,262,296,0.8851351351351351,59,4.8,57,-0.5069953891352319,-0.41527543829408897,-0.46158591503177937,-0.7023545928025672,3.1,NA
FJI,2017,54,6,WPR,286,352,0.8125,68,4.9,57,-0.20900756887960567,-0.3629418402922304,-0.45925725008345003,-0.7023545928025672,2.7,NA
FJI,2018,54,6,WPR,261,396,0.6590909090909091,73,5.8,57,0.08898025137602054,-0.3338676191800868,-0.4382992655484863,-0.7023545928025672,5.3,NA
FJI,2019,54,6,WPR,159,527,0.301707779886148,89,6.5,58,0.38696807163164676,-0.24083011162122722,-0.42199861091018115,-0.6368474673869,6.2,NA
FJI,2020,54,6,WPR,240,443,0.5417607223476298,81,5.9,58,0.684955891887273,-0.287348865400657,-0.43597060060015697,-0.6368474673869,5,1
FJI,2021,54,6,WPR,161,290,0.5551724137931034,63,6.3,59,0.9829437121428992,-0.39201606140437406,-0.4266559408068398,-0.5713403419712327,8.1,1
FJI,2022,54,6,WPR,289,577,0.5008665511265165,105,8.1,59,1.2809315323985255,-0.14779260406236763,-0.3847399717369123,-0.5713403419712327,9.3,1
FJI,2023,54,6,WPR,236,391,0.6035805626598465,72,9.3,59,1.5789193526541516,-0.3396824634025155,-0.35679599235696063,-0.5713403419712327,18,1
FIN,2012,53,4,EUR,116,262,0.44274809160305345,5.7,0.93,85,-1.6989466701577367,-0.72520663534954,-0.5517052485321234,1.131844918836115,1.4,NA
FIN,2013,53,4,EUR,140,265,0.5283018867924528,5.7,0.59,85,-1.4009588499021106,-0.72520663534954,-0.5596227093564431,1.131844918836115,1.3,NA
FIN,2014,53,4,EUR,112,250,0.448,5.4,0.76,86,-1.1029710296464843,-0.7269510886162686,-0.5556639789442832,1.1973520442517822,1.3,NA
FIN,2015,53,4,EUR,94,260,0.36153846153846153,5.7,0.62,86,-0.8049832093908581,-0.72520663534954,-0.5589241098719443,1.1973520442517822,1.3,NA
FIN,2016,53,4,EUR,70,216,0.32407407407407407,4.8,0.49,85,-0.5069953891352319,-0.7304399951497258,-0.5619513743047725,1.131844918836115,1.4,NA
FIN,2017,53,4,EUR,85,237,0.35864978902953587,5,0.65,85,-0.20900756887960567,-0.72927702630524,-0.5582255103874455,1.131844918836115,1.4,NA
FIN,2018,53,4,EUR,45,220,0.20454545454545456,4.9,0.56,85,0.08898025137602054,-0.7298585107274829,-0.5603213088409419,1.131844918836115,1.5,NA
FIN,2019,53,4,EUR,85,222,0.38288288288288286,4.8,0.54,85,0.38696807163164676,-0.7304399951497258,-0.5607870418306078,1.131844918836115,1.5,NA
FIN,2020,53,4,EUR,44,173,0.2543352601156069,3.7,0.39,85,0.684955891887273,-0.7368363237943975,-0.5642800392531017,1.131844918836115,1.5,1
FIN,2021,53,4,EUR,11,167,0.0658682634730539,3.6,0.45,86,0.9829437121428992,-0.7374178082166403,-0.5628828402841042,1.1973520442517822,1.5,1
FIN,2022,53,4,EUR,1,179,0.00558659217877095,4,0.31,86,1.2809315323985255,-0.7350918705276688,-0.5661429712117652,1.1973520442517822,1.5,1
FIN,2023,53,4,EUR,58,169,0.3431952662721893,3.7,0.55,86,1.5789193526541516,-0.7368363237943975,-0.5605541753357748,1.1973520442517822,1.5,1
FRA,2016,55,4,EUR,2484,4623,0.5373134328358209,8.7,0.77,83,-0.5069953891352319,-0.7077621026822538,-0.5554311124494503,1.0008306680047805,6.7,NA
FRA,2017,55,4,EUR,1124,4715,0.2383881230116649,9,0.77,83,-0.20900756887960567,-0.7060176494155251,-0.5554311124494503,1.0008306680047805,5.7,NA
FRA,2018,55,4,EUR,498,4715,0.1056203605514316,8.8,0.67,83,0.08898025137602054,-0.7071806182600109,-0.5577597773977796,1.0008306680047805,6.2,NA
FRA,2019,55,4,EUR,581,4814,0.1206896551724138,9,0.67,83,0.38696807163164676,-0.7060176494155251,-0.5577597773977796,1.0008306680047805,6.1,NA
FRA,2020,55,4,EUR,1578,4263,0.3701618578465869,8.1,0.56,83,0.684955891887273,-0.711251009215711,-0.5603213088409419,1.0008306680047805,5.1,1
FRA,2021,55,4,EUR,1449,3942,0.3675799086757991,7.4,0.54,83,0.9829437121428992,-0.7153214001714111,-0.5607870418306078,1.0008306680047805,5.3,1
FRA,2022,55,4,EUR,1449,3965,0.3654476670870114,7,0.47,83,1.2809315323985255,-0.7176473378603826,-0.5624171072944383,1.0008306680047805,4.6,1
FRA,2023,55,4,EUR,879,4503,0.19520319786808793,8.3,0.77,83,1.5789193526541516,-0.7100880403712253,-0.5554311124494503,1.0008306680047805,5.2,1
PYF,2012,137,6,WPR,44,52,0.8461538461538461,31,6.1,59,-1.6989466701577367,-0.5780910765220932,-0.43131327070349845,-0.5713403419712327,0,NA
PYF,2014,137,6,WPR,44,58,0.7586206896551724,33,6.2,61,-1.1029710296464843,-0.5664613880772358,-0.4289846057551691,-0.44032609113989835,0,NA
PYF,2016,137,6,WPR,46,56,0.8214285714285714,31,5.6,63,-0.5069953891352319,-0.5780910765220932,-0.442956595445145,-0.3093118403085639,0,NA
PYF,2017,137,6,WPR,43,53,0.8113207547169812,29,5,64,-0.20900756887960567,-0.5897207649669507,-0.45692858513512075,-0.24380471489289668,0,NA
PYF,2020,137,6,WPR,58,64,0.90625,35,6.1,65,0.684955891887273,-0.5548316996323783,-0.43131327070349845,-0.17829758947722946,0,1
PYF,2022,137,6,WPR,42,54,0.7777777777777778,30,5.3,65,1.2809315323985255,-0.583905920744522,-0.44994259029013284,-0.17829758947722946,2.5,1
GAB,2012,57,1,AFR,1097,2018,0.543607532210109,483,141,55,-1.6989466701577367,2.0502185120156904,2.7100557445927342,-0.8333688436339016,43,NA
GAB,2013,57,1,AFR,2122,3861,0.5495985495985496,488,140,55,-1.4009588499021106,2.0792927331278337,2.686769095109441,-0.8333688436339016,41,NA
GAB,2014,57,1,AFR,2789,4843,0.5758827173239728,491,133,58,-1.1029710296464843,2.09673726579512,2.5237625487263897,-0.6368474673869,40,NA
GAB,2015,57,1,AFR,2839,5727,0.49572201850881786,488,131,57,-0.8049832093908581,2.0792927331278337,2.4771892497598036,-0.7023545928025672,37,NA
GAB,2016,57,1,AFR,2537,5281,0.4804014391213785,475,130,56,-0.5069953891352319,2.0036997582362606,2.4539026002765105,-0.7678617182182345,35,NA
GAB,2017,57,1,AFR,1214,4914,0.24704924704924705,456,129,53,-0.20900756887960567,1.8932177180101146,2.4306159507932175,-0.9643830944652361,33,NA
GAB,2018,57,1,AFR,2669,5318,0.5018804061677322,440,111,58,0.08898025137602054,1.800180210451255,2.0114562600939427,-0.6368474673869,31,NA
GAB,2019,57,1,AFR,3610,5399,0.6686423411742916,427,112,56,0.38696807163164676,1.7245872355596816,2.034742909577236,-0.7678617182182345,30,NA
GAB,2020,57,1,AFR,3064,4879,0.6279975404796064,413,118,51,0.684955891887273,1.6431794164456794,2.1744628064769937,-1.0953973452965706,30,0
GAB,2021,57,1,AFR,1845,3245,0.5685670261941448,401,110,53,0.9829437121428992,1.573401285776535,1.9881696106106495,-0.9643830944652361,30,1
GAB,2022,57,1,AFR,2348,3593,0.6534929028666853,390,82,66,1.2809315323985255,1.5094379993298188,1.336143425078444,-0.11279046406156223,30,1
GAB,2023,57,1,AFR,3584,5049,0.7098435333729451,380,73,70,1.5789193526541516,1.4512895571055315,1.1265635797288067,0.14923803760110665,30,1
GMB,2012,62,1,AFR,1343,1587,0.8462507876496534,177,33,64,-1.6989466701577367,0.2708761799525005,0.19509760039708463,-0.24380471489289668,16,NA
GMB,2016,62,1,AFR,1976,2467,0.8009728415079044,170,32,64,-0.5069953891352319,0.23017227039549948,0.1718109509137916,-0.24380471489289668,18,NA
GMB,2017,62,1,AFR,2028,2489,0.8147850542386501,166,32,64,-0.20900756887960567,0.20691289350578457,0.1718109509137916,-0.24380471489289668,19,NA
GMB,2018,62,1,AFR,2107,2394,0.8801169590643275,162,34,62,0.08898025137602054,0.18365351661606968,0.2183842498803777,-0.3748189657242311,20,NA
GMB,2019,62,1,AFR,2195,2619,0.8381061473844978,158,28,68,0.38696807163164676,0.16039413972635477,0.07866435298061938,0.018223786769772203,18,NA
GMB,2020,62,1,AFR,2085,2405,0.8669438669438669,153,32,62,0.684955891887273,0.13131991861421116,0.1718109509137916,-0.3748189657242311,16,1
GMB,2021,62,1,AFR,1894,2254,0.8402839396628217,149,33,59,0.9829437121428992,0.10806054172449625,0.19509760039708463,-0.5713403419712327,13,0
GMB,2022,62,1,AFR,2207,2535,0.8706114398422091,145,27,66,1.2809315323985255,0.08480116483478135,0.05537770349732633,-0.11279046406156223,14,0
GMB,2023,62,1,AFR,2394,2739,0.8740416210295728,142,22,72,1.5789193526541516,0.06735663216749518,-0.061055543919138915,0.2802522884324411,13,1
GEO,2012,59,4,EUR,3103,3638,0.8529411764705882,155,7.2,66,-1.6989466701577367,0.1429496070590686,-0.40569795627187605,-0.11279046406156223,3,NA
GEO,2013,59,4,EUR,2465,3098,0.7956746287927695,143,6.1,63,-1.4009588499021106,0.07317147638992391,-0.43131327070349845,-0.3093118403085639,2,NA
GEO,2014,59,4,EUR,2377,2862,0.8305380852550663,128,5.5,66,-1.1029710296464843,-0.014051186946506958,-0.4452852603934742,-0.11279046406156223,2.2,NA
GEO,2015,59,4,EUR,2386,2841,0.8398451249560014,115,4.9,73,-0.8049832093908581,-0.08964416183808038,-0.45925725008345003,0.3457594138481083,2.8,NA
GEO,2016,59,4,EUR,2263,2715,0.8335174953959484,104,5,75,-0.5069953891352319,-0.15360744828479636,-0.45692858513512075,0.47677366467944277,2.1,NA
GEO,2017,59,4,EUR,1977,2351,0.8409187579753297,95,4.7,72,-0.20900756887960567,-0.20594104628665486,-0.46391457998010865,0.2802522884324411,1.8,NA
GEO,2018,59,4,EUR,1735,2071,0.8377595364558185,86,4.5,71,0.08898025137602054,-0.2582746442885134,-0.4685719098767673,0.21474516301677388,2.1,NA
GEO,2019,59,4,EUR,1659,1947,0.8520801232665639,78,4.2,73,0.38696807163164676,-0.3047933980679432,-0.4755579047217552,0.3457594138481083,1.8,NA
GEO,2020,59,4,EUR,1314,1513,0.8684732319894249,71,2.7,62,0.684955891887273,-0.34549730762494424,-0.5104878789466948,-0.3748189657242311,1.9,1
GEO,2021,59,4,EUR,1169,1343,0.870439314966493,63,2.4,62,0.9829437121428992,-0.39201606140437406,-0.5174738737916827,-0.3748189657242311,3,1
GEO,2022,59,4,EUR,1178,1357,0.8680913780397936,57,2.5,70,1.2809315323985255,-0.42690512673894637,-0.5151452088433534,0.14923803760110665,2.9,1
GEO,2023,59,4,EUR,1009,1183,0.852916314454776,51,2.1,68,1.5789193526541516,-0.46179419207351874,-0.5244598686366706,0.018223786769772203,2.3,1
DEU,2012,42,4,EUR,2988,4047,0.7383246849518161,5.5,0.46,91,-1.6989466701577367,-0.7263696041940257,-0.5626499737892712,1.5248876713301183,2.8,NA
DEU,2013,42,4,EUR,2703,4029,0.6708860759493671,5.7,0.49,91,-1.4009588499021106,-0.72520663534954,-0.5619513743047725,1.5248876713301183,2.6,NA
DEU,2014,42,4,EUR,2718,4283,0.6346019145458791,5.9,0.42,91,-1.1029710296464843,-0.7240436665050541,-0.5635814397686029,1.5248876713301183,2.5,NA
DEU,2015,42,4,EUR,3600,5543,0.6494677972217211,7.6,0.42,91,-0.8049832093908581,-0.7141584313269255,-0.5635814397686029,1.5248876713301183,2.4,NA
DEU,2016,42,4,EUR,3947,5659,0.6974730517759321,7.6,0.38,91,-0.5069953891352319,-0.7141584313269255,-0.5645129057479347,1.5248876713301183,2.5,NA
DEU,2017,42,4,EUR,3721,5233,0.7110643990063061,7.1,0.38,91,-0.20900756887960567,-0.7170658534381398,-0.5645129057479347,1.5248876713301183,2.6,NA
DEU,2018,42,4,EUR,3724,5216,0.713957055214724,6.9,0.39,91,0.08898025137602054,-0.7182288222826254,-0.5642800392531017,1.5248876713301183,2.6,NA
DEU,2019,42,4,EUR,3130,4566,0.6855015330705212,6.1,0.38,91,0.38696807163164676,-0.7228806976605685,-0.5645129057479347,1.5248876713301183,2.6,NA
DEU,2020,42,4,EUR,2932,3942,0.7437848807711821,5.3,0.37,91,0.684955891887273,-0.7275325730385115,-0.5647457722427676,1.5248876713301183,2.6,1
DEU,2021,42,4,EUR,2491,3738,0.6663991439272338,5,0.36,91,0.9829437121428992,-0.72927702630524,-0.5649786387376005,1.5248876713301183,2.6,1
DEU,2022,42,4,EUR,2304,3737,0.6165373294086165,5.1,0.36,91,1.2809315323985255,-0.7286955418829972,-0.5649786387376005,1.5248876713301183,2.6,1
DEU,2023,42,4,EUR,2795,4148,0.6738187078109933,5.6,0.36,91,1.5789193526541516,-0.7257881197717829,-0.5649786387376005,1.5248876713301183,2.6,1
GHA,2012,60,1,AFR,12439,14753,0.8431505456517319,173,62,32,-1.6989466701577367,0.24761680306278563,0.8704104354125831,-2.340032728194248,24,NA
GHA,2013,60,1,AFR,12757,15043,0.848035631190587,168,60,33,-1.4009588499021106,0.21854258195064202,0.823837136445997,-2.2745256027785805,24,NA
GHA,2014,60,1,AFR,12491,14662,0.8519301595962352,165,60,32,-1.1029710296464843,0.20109804928335584,0.823837136445997,-2.340032728194248,24,NA
GHA,2015,60,1,AFR,12287,14460,0.8497233748271092,160,57,31,-0.8049832093908581,0.17202382817121223,0.7539771879961179,-2.405539853609915,22,NA
GHA,2016,60,1,AFR,12073,14162,0.852492585792967,156,57,31,-0.5069953891352319,0.14876445128149732,0.7539771879961179,-2.405539853609915,23,NA
GHA,2017,60,1,AFR,11973,14121,0.8478861270448268,152,54,31,-0.20900756887960567,0.12550507439178243,0.6841172395462387,-2.405539853609915,21,NA
GHA,2018,60,1,AFR,11650,13801,0.8441417288602275,148,53,31,0.08898025137602054,0.10224569750206754,0.6608305900629456,-2.405539853609915,19,NA
GHA,2019,60,1,AFR,12207,14604,0.8358668857847165,144,50,33,0.38696807163164676,0.07898632061235264,0.5909706416130664,-2.2745256027785805,21,NA
GHA,2020,60,1,AFR,10861,12624,0.8603453738910013,140,51,28,0.684955891887273,0.055726943722637735,0.6142572910963595,-2.6020612298569166,18,1
GHA,2021,60,1,AFR,11387,13110,0.8685736079328756,136,47,30,0.9829437121428992,0.03246756683292284,0.5211106931631874,-2.4710469790255822,14,1
GHA,2022,60,1,AFR,14324,16420,0.8723507917174178,133,42,38,1.2809315323985255,0.015023034165636663,0.4046774457467221,-1.9469899757002445,14,1
GHA,2023,60,1,AFR,17040,19005,0.8966061562746646,129,36,44,1.5789193526541516,-0.008236342724078234,0.26495754884696376,-1.553947223206241,11,1
GRC,2018,65,4,EUR,0,400,0,4.8,0.51,79,0.08898025137602054,-0.7304399951497258,-0.5614856413151065,0.7388021663421116,3.5,NA
GRL,2014,66,4,EUR,67,99,0.6767676767676768,206,27,75,-1.1029710296464843,0.43950666240293357,0.05537770349732633,0.47677366467944277,0,NA
GRL,2015,66,4,EUR,50,70,0.7142857142857143,189,24,76,-0.8049832093908581,0.34065431062164525,-0.014482244952552814,0.54228079009511,0,NA
GRL,2016,66,4,EUR,46,57,0.8070175438596491,134,16,77,-0.5069953891352319,0.02083787838806539,-0.2007754408188972,0.6077879155107772,0,NA
GRL,2017,66,4,EUR,44,57,0.7719298245614035,130,15,78,-0.20900756887960567,-0.0024214985016495095,-0.22406209030219026,0.6732950409264444,0,NA
GUM,2012,68,6,WPR,57,68,0.8382352941176471,69,14,59,-1.6989466701577367,-0.3571269960698017,-0.2473487397854833,-0.5713403419712327,0,NA
GUM,2014,68,6,WPR,50,56,0.8928571428571429,55,10,61,-1.1029710296464843,-0.43853481518380383,-0.3404953377186555,-0.44032609113989835,0,NA
GUM,2015,68,6,WPR,66,76,0.868421052631579,74,13,62,-0.8049832093908581,-0.32805277495765806,-0.27063538926877634,-0.3748189657242311,0,NA
GUM,2016,68,6,WPR,62,75,0.8266666666666667,72,13,63,-0.5069953891352319,-0.3396824634025155,-0.27063538926877634,-0.3093118403085639,0,NA
GUM,2017,68,6,WPR,74,83,0.891566265060241,80,14,64,-0.20900756887960567,-0.29316370962308574,-0.2473487397854833,-0.24380471489289668,1.2,NA
GUM,2018,68,6,WPR,57,71,0.8028169014084507,68,12,64,0.08898025137602054,-0.3629418402922304,-0.2939220387520694,-0.24380471489289668,0,NA
GUM,2019,68,6,WPR,70,78,0.8974358974358975,76,13,64,0.38696807163164676,-0.31642308651280066,-0.27063538926877634,-0.24380471489289668,1.4,NA
GUM,2020,68,6,WPR,43,57,0.7543859649122807,54,9.3,65,0.684955891887273,-0.44434965940623256,-0.35679599235696063,-0.17829758947722946,0,1
GUM,2021,68,6,WPR,46,58,0.7931034482758621,55,9.4,65,0.9829437121428992,-0.43853481518380383,-0.35446732740863135,-0.17829758947722946,1.8,1
GUM,2022,68,6,WPR,45,59,0.7627118644067796,55,9.5,65,1.2809315323985255,-0.43853481518380383,-0.352138662460302,-0.17829758947722946,1.7,1
GTM,2014,67,2,AMR,2342,2756,0.8497822931785196,23,2.5,89,-1.1029710296464843,-0.6246098303015231,-0.5151452088433534,1.393873420498784,8.8,NA
GTM,2015,67,2,AMR,2824,3230,0.8743034055727554,23,2.4,89,-0.8049832093908581,-0.6246098303015231,-0.5174738737916827,1.393873420498784,6.4,NA
GTM,2016,67,2,AMR,2684,3076,0.8725617685305592,22,2.4,89,-0.5069953891352319,-0.6304246745239518,-0.5174738737916827,1.393873420498784,8.2,NA
GTM,2017,67,2,AMR,2812,3217,0.8741063102269195,23,2.4,89,-0.20900756887960567,-0.6246098303015231,-0.5174738737916827,1.393873420498784,7.4,NA
GTM,2018,67,2,AMR,2991,3385,0.8836041358936485,24,2.2,89,0.08898025137602054,-0.6187949860790943,-0.5221312036883413,1.393873420498784,7,NA
GTM,2019,67,2,AMR,3144,3717,0.8458434221146085,24,2.5,89,0.38696807163164676,-0.6187949860790943,-0.5151452088433534,1.393873420498784,12,NA
GTM,2020,67,2,AMR,2284,2562,0.8914910226385636,18,1.5,89,0.684955891887273,-0.6536840514136667,-0.5384318583266464,1.393873420498784,7.5,1
GTM,2021,67,2,AMR,2582,2977,0.8673160900235136,20,1.7,89,0.9829437121428992,-0.6420543629688092,-0.5337745284299878,1.393873420498784,8.9,1
GTM,2022,67,2,AMR,3532,4030,0.8764267990074441,26,2.1,89,1.2809315323985255,-0.6071652976342369,-0.5244598686366706,1.393873420498784,8,1
GTM,2023,67,2,AMR,3858,4554,0.847167325428195,29,2.6,89,1.5789193526541516,-0.5897207649669507,-0.5128165438950241,1.393873420498784,8.1,1
GIN,2012,61,1,AFR,5364,6566,0.8169357295156868,185,46,56,-1.6989466701577367,0.31739493373193034,0.49782404367989425,-0.7678617182182345,25,NA
GIN,2013,61,1,AFR,8987,11313,0.7943958278087156,183,46,55,-1.4009588499021106,0.3057652452870729,0.49782404367989425,-0.8333688436339016,23,NA
GIN,2014,61,1,AFR,9177,11117,0.8254924889808402,179,44,57,-1.1029710296464843,0.282505868397358,0.45125074471330817,-0.7023545928025672,25,NA
GIN,2015,61,1,AFR,9723,12154,0.7999835445120947,177,43,58,-0.8049832093908581,0.2708761799525005,0.4279640952300151,-0.6368474673869,24,NA
GIN,2016,61,1,AFR,10684,12631,0.8458554350407727,177,42,59,-0.5069953891352319,0.2708761799525005,0.4046774457467221,-0.5713403419712327,25,NA
GIN,2017,61,1,AFR,12132,13749,0.8823914466506655,178,39,63,-0.20900756887960567,0.27669102417492925,0.3348174972968429,-0.3093118403085639,25,NA
GIN,2018,61,1,AFR,12798,14248,0.8982313307130826,178,39,63,0.08898025137602054,0.27669102417492925,0.3348174972968429,-0.3093118403085639,25,NA
GIN,2019,61,1,AFR,14792,16657,0.8880350603349942,178,32,71,0.38696807163164676,0.27669102417492925,0.1718109509137916,0.21474516301677388,23,NA
GIN,2020,61,1,AFR,14223,15631,0.9099225897255454,179,38,65,0.684955891887273,0.282505868397358,0.3115308478135499,-0.17829758947722946,29,1
GIN,2021,61,1,AFR,16738,18754,0.892502932707689,179,27,77,0.9829437121428992,0.282505868397358,0.05537770349732633,0.6077879155107772,20,1
GIN,2022,61,1,AFR,18019,19954,0.903026962012629,179,24,80,1.2809315323985255,0.282505868397358,-0.014482244952552814,0.8043092917577789,19,1
GIN,2023,61,1,AFR,17699,19660,0.9002543234994913,178,25,78,1.5789193526541516,0.27669102417492925,0.008804404530740235,0.6732950409264444,17,1
GNB,2012,63,1,AFR,1399,1982,0.7058526740665994,241,76,49,-1.6989466701577367,0.6430262101879389,1.196423528178686,-1.226411596127905,39,NA
GNB,2013,63,1,AFR,1727,2236,0.7723613595706619,230,68,54,-1.4009588499021106,0.5790629237412229,1.0101303323123414,-0.8988759690495689,41,NA
GNB,2014,63,1,AFR,1815,2234,0.8124440465532676,218,56,60,-1.1029710296464843,0.5092847930720783,0.7306905385128247,-0.5058332165555656,37,NA
GNB,2015,63,1,AFR,1691,2147,0.7876106194690266,209,52,57,-0.8049832093908581,0.45695119507021975,0.6375439405796526,-0.7023545928025672,26,NA
GNB,2016,63,1,AFR,1693,2226,0.7605570530098832,203,50,60,-0.5069953891352319,0.4220621297356474,0.5909706416130664,-0.5058332165555656,32,NA
GNB,2017,63,1,AFR,1423,2226,0.6392632524707996,198,49,60,-0.20900756887960567,0.39298790862350375,0.5676839921297734,-0.5058332165555656,31,NA
GNB,2018,63,1,AFR,1416,1994,0.7101303911735206,194,54,55,0.08898025137602054,0.36972853173378883,0.6841172395462387,-0.8333688436339016,35,NA
GNB,2019,63,1,AFR,1762,2407,0.7320315745741587,189,42,65,0.38696807163164676,0.34065431062164525,0.4046774457467221,-0.17829758947722946,31,NA
GNB,2020,63,1,AFR,1908,2542,0.7505900865460268,186,38,68,0.684955891887273,0.32320977795435907,0.3115308478135499,0.018223786769772203,32,0
GNB,2021,63,1,AFR,1858,2490,0.7461847389558233,183,39,66,0.9829437121428992,0.3057652452870729,0.3348174972968429,-0.11279046406156223,29,1
GNB,2022,63,1,AFR,2318,2990,0.7752508361204014,180,27,79,1.2809315323985255,0.2883207126197867,0.05537770349732633,0.7388021663421116,29,1
GNB,2023,63,1,AFR,1995,2652,0.752262443438914,178,35,69,1.5789193526541516,0.27669102417492925,0.24167089936367073,0.08373091218543942,30,1
GUY,2012,69,2,AMR,514,793,0.648171500630517,148,30,68,-1.6989466701577367,0.10224569750206754,0.12523765194720549,0.018223786769772203,31,NA
GUY,2013,69,2,AMR,455,680,0.6691176470588235,130,26,70,-1.4009588499021106,-0.0024214985016495095,0.03209105401403328,0.14923803760110665,26,NA
GUY,2014,69,2,AMR,375,545,0.6880733944954128,100,18,72,-1.1029710296464843,-0.17686682517451124,-0.1542021418523111,0.2802522884324411,25,NA
GUY,2015,69,2,AMR,388,571,0.6795096322241682,102,18,74,-0.8049832093908581,-0.1652371367296538,-0.1542021418523111,0.41126653926377554,24,NA
GUY,2016,69,2,AMR,389,563,0.6909413854351687,101,19,75,-0.5069953891352319,-0.17105198095208252,-0.13091549236901806,0.47677366467944277,24,NA
GUY,2017,69,2,AMR,360,508,0.7086614173228346,90,17,76,-0.20900756887960567,-0.2350152673987985,-0.17748879133560416,0.54228079009511,28,NA
GUY,2018,69,2,AMR,363,504,0.7202380952380952,85,12,77,0.08898025137602054,-0.2640894885109421,-0.2939220387520694,0.6077879155107772,19,NA
GUY,2019,69,2,AMR,345,485,0.711340206185567,80,15,77,0.38696807163164676,-0.29316370962308574,-0.22406209030219026,0.6077879155107772,19,NA
GUY,2020,69,2,AMR,239,358,0.6675977653631285,59,14,77,0.684955891887273,-0.41527543829408897,-0.2473487397854833,0.6077879155107772,19,1
GUY,2021,69,2,AMR,271,402,0.6741293532338308,66,18,77,0.9829437121428992,-0.3745715287370879,-0.1542021418523111,0.6077879155107772,20,0
GUY,2022,69,2,AMR,275,392,0.701530612244898,61,18,77,1.2809315323985255,-0.4036457498492315,-0.1542021418523111,0.6077879155107772,15,1
GUY,2023,69,2,AMR,327,424,0.7712264150943396,66,20,77,1.5789193526541516,-0.3745715287370879,-0.10762884288572501,0.6077879155107772,22,1
HTI,2012,73,2,AMR,13629,16723,0.814985349518627,372,46,44,-1.6989466701577367,1.4047708033261017,0.49782404367989425,-1.553947223206241,20,NA
HTI,2014,73,2,AMR,12265,15779,0.7772989416312821,336,39,45,-1.1029710296464843,1.1954364113186677,0.3348174972968429,-1.4884400977905738,19,NA
HTI,2015,73,2,AMR,12974,16234,0.7991868917087593,318,33,49,-0.8049832093908581,1.0907692153149506,0.19509760039708463,-1.226411596127905,16,NA
HTI,2016,73,2,AMR,12526,15302,0.8185858057770226,297,30,48,-0.5069953891352319,0.9686574866439475,0.12523765194720549,-1.2919187215435721,15,NA
HTI,2017,73,2,AMR,11788,15189,0.7760879583909408,276,29,50,-0.20900756887960567,0.8465457579729443,0.10195100246391244,-1.1609044707122378,16,NA
HTI,2018,73,2,AMR,11308,13744,0.8227590221187427,256,27,48,0.08898025137602054,0.7302488735243697,0.05537770349732633,-1.2919187215435721,15,NA
HTI,2019,73,2,AMR,10920,13005,0.839677047289504,239,26,49,0.38696807163164676,0.6313965217430815,0.03209105401403328,-1.226411596127905,16,NA
HTI,2020,73,2,AMR,8883,10844,0.8191626706012541,223,23,45,0.684955891887273,0.5383590141842218,-0.037768894435845864,-1.4884400977905738,13,1
HTI,2021,73,2,AMR,8062,9778,0.8245039885457148,209,23,44,0.9829437121428992,0.45695119507021975,-0.037768894435845864,-1.553947223206241,14,1
HTI,2022,73,2,AMR,9420,11100,0.8486486486486486,196,21,49,1.2809315323985255,0.3813582201786463,-0.08434219340243196,-1.226411596127905,15,1
HTI,2023,73,2,AMR,9633,11714,0.8223493255933072,185,18,54,1.5789193526541516,0.31739493373193034,-0.1542021418523111,-0.8988759690495689,14,1
HND,2012,71,2,AMR,1749,1957,0.8937148696985181,59,6.3,59,-1.6989466701577367,-0.41527543829408897,-0.4266559408068398,-0.5713403419712327,11,NA
HND,2014,71,2,AMR,1602,1810,0.8850828729281768,49,5.6,62,-1.1029710296464843,-0.4734238805183762,-0.442956595445145,-0.3748189657242311,10,NA
HND,2015,71,2,AMR,2489,2906,0.8565037852718513,49,5.5,64,-0.8049832093908581,-0.4734238805183762,-0.4452852603934742,-0.24380471489289668,10,NA
HND,2016,71,2,AMR,2528,2880,0.8777777777777778,48,5.4,64,-0.5069953891352319,-0.4792387247408049,-0.4476139253418035,-0.24380471489289668,8.1,NA
HND,2017,71,2,AMR,2431,2793,0.870390261367705,46,5.3,64,-0.20900756887960567,-0.4908684131856624,-0.44994259029013284,-0.24380471489289668,6.9,NA
HND,2018,71,2,AMR,2497,2838,0.8798449612403101,45,5.4,64,0.08898025137602054,-0.4966832574080911,-0.4476139253418035,-0.24380471489289668,6.4,NA
HND,2019,71,2,AMR,2156,2424,0.8894389438943895,38,5.4,65,0.38696807163164676,-0.5373871669650921,-0.4476139253418035,-0.17829758947722946,5.6,NA
HND,2020,71,2,AMR,1612,1847,0.8727666486193828,38,6.1,48,0.684955891887273,-0.5373871669650921,-0.43131327070349845,-1.2919187215435721,5.1,1
HND,2021,71,2,AMR,1762,2063,0.8540959767329133,38,5.9,53,0.9829437121428992,-0.5373871669650921,-0.43597060060015697,-0.9643830944652361,5.7,0
HND,2022,71,2,AMR,2005,2331,0.8601458601458601,38,5.6,58,1.2809315323985255,-0.5373871669650921,-0.442956595445145,-0.6368474673869,6.3,1
HND,2023,71,2,AMR,2221,2634,0.8432042520880789,38,5.4,65,1.5789193526541516,-0.5373871669650921,-0.4476139253418035,-0.17829758947722946,6.2,1
HUN,2012,74,4,EUR,823,1172,0.7022184300341296,16,1.3,73,-1.6989466701577367,-0.6653137398585242,-0.543089188223305,0.3457594138481083,0.86,NA
HUN,2013,74,4,EUR,760,1030,0.7378640776699029,14,1,74,-1.4009588499021106,-0.6769434283033815,-0.550075183068293,0.41126653926377554,0.82,NA
HUN,2014,74,4,EUR,577,795,0.7257861635220125,11,0.91,75,-1.1029710296464843,-0.6943879609706677,-0.5521709815217893,0.47677366467944277,0.83,NA
HUN,2015,74,4,EUR,600,851,0.7050528789659224,11,1.1,76,-0.8049832093908581,-0.6943879609706677,-0.5477465181199636,0.54228079009511,0.87,NA
HUN,2016,74,4,EUR,511,722,0.7077562326869806,9.8,0.7,77,-0.5069953891352319,-0.7013657740375823,-0.5570611779132809,0.6077879155107772,0.94,NA
HUN,2017,74,4,EUR,429,639,0.6713615023474179,8.6,0.68,77,-0.20900756887960567,-0.7083435871044967,-0.5575269109029467,0.6077879155107772,1,NA
HUN,2018,74,4,EUR,388,591,0.6565143824027073,8,0.89,77,0.08898025137602054,-0.7118324936379539,-0.5526367145114551,0.6077879155107772,1.1,NA
HUN,2019,74,4,EUR,336,517,0.6499032882011605,7,0.67,77,0.38696807163164676,-0.7176473378603826,-0.5577597773977796,0.6077879155107772,1.1,NA
HUN,2020,74,4,EUR,250,376,0.6648936170212766,5.1,0.58,78,0.684955891887273,-0.7286955418829972,-0.5598555758512761,0.6732950409264444,1.1,1
HUN,2021,74,4,EUR,194,305,0.6360655737704918,4.1,0.59,78,0.9829437121428992,-0.734510386105426,-0.5596227093564431,0.6732950409264444,1.1,1
HUN,2022,74,4,EUR,274,421,0.6508313539192399,5.7,0.59,78,1.2809315323985255,-0.72520663534954,-0.5596227093564431,0.6732950409264444,1.1,1
HUN,2023,74,4,EUR,301,476,0.6323529411764706,6.5,0.8,78,1.5789193526541516,-0.720554759971597,-0.5547325129649515,0.6732950409264444,1.1,1
IND,2012,76,5,SEA,1129801,1288141,0.8770786738408295,258,41,39,-1.6989466701577367,0.7418785619692272,0.38139079626342903,-1.8814828502845773,5.9,NA
IND,2013,76,5,SEA,1090159,1243905,0.8764005289793031,248,38,39,-1.4009588499021106,0.68373011974494,0.3115308478135499,-1.8814828502845773,5,NA
IND,2014,76,5,SEA,1196147,1609547,0.7431575468128611,243,34,50,-1.1029710296464843,0.6546558986327964,0.2183842498803777,-1.1609044707122378,4.3,NA
IND,2015,76,5,SEA,1200608,1656233,0.7249028367385507,237,32,53,-0.8049832093908581,0.619766833298224,0.1718109509137916,-0.9643830944652361,4,NA
IND,2016,76,5,SEA,1215505,1763876,0.6891102322385474,225,29,58,-0.5069953891352319,0.5499887026290793,0.10195100246391244,-0.6368474673869,3.1,NA
IND,2017,76,5,SEA,1266429,1568392,0.8074696887002739,217,28,56,-0.20900756887960567,0.5034699488496496,0.07866435298061938,-0.7678617182182345,2.9,NA
IND,2018,76,5,SEA,1561328,1908683,0.8180132583566784,208,27,67,0.08898025137602054,0.451136350847791,0.05537770349732633,-0.04728333864589502,3.5,NA
IND,2019,76,5,SEA,1807299,2152563,0.8396033008093143,202,25,77,0.38696807163164676,0.41624728551321866,0.008804404530740235,0.6077879155107772,2.6,NA
IND,2020,76,5,SEA,1364874,1603958,0.8509412341220904,197,23,59,0.684955891887273,0.387173064401075,-0.037768894435845864,-0.5713403419712327,2,1
IND,2021,76,5,SEA,1653637,1905759,0.8677052030188497,196,23,71,0.9829437121428992,0.3813582201786463,-0.037768894435845864,0.21474516301677388,1.8,1
IND,2022,76,5,SEA,1943166,2194723,0.8853809797409513,196,23,81,1.2809315323985255,0.3813582201786463,-0.037768894435845864,0.869816417173446,1.7,1
IND,2023,76,5,SEA,2052003,2286114,0.8975943456887977,192,22,86,1.5789193526541516,0.35809884328893143,-0.061055543919138915,1.1973520442517822,1.5,1
IDN,2012,75,6,WPR,281171,328824,0.8550805294017468,335,48,39,-1.6989466701577367,1.1896215670962391,0.5443973426464803,-1.8814828502845773,3.2,NA
IDN,2013,75,6,WPR,285935,325582,0.8782272975778759,332,47,38,-1.4009588499021106,1.1721770344289528,0.5211106931631874,-1.9469899757002445,3.1,NA
IDN,2014,75,6,WPR,271494,322806,0.8410438467686474,329,45,38,-1.1029710296464843,1.1547325017616668,0.47453739419660124,-1.9469899757002445,3,NA
IDN,2015,75,6,WPR,282419,331703,0.8514213015860574,325,42,39,-0.8049832093908581,1.1314731248719518,0.4046774457467221,-1.8814828502845773,2.8,NA
IDN,2016,75,6,WPR,312774,364671,0.8576881627549215,322,41,43,-0.5069953891352319,1.1140285922046655,0.38139079626342903,-1.6194543486219084,2.7,NA
IDN,2017,75,6,WPR,360661,425819,0.8469819336384709,319,39,52,-0.20900756887960567,1.0965840595373795,0.3348174972968429,-1.0298902198809032,2.4,NA
IDN,2018,75,6,WPR,469513,565980,0.8295575815399837,316,37,67,0.08898025137602054,1.0791395268700932,0.28824419833025683,-0.04728333864589502,2.4,NA
IDN,2019,75,6,WPR,462408,555741,0.8320566594870632,312,36,66,0.38696807163164676,1.0558801499803783,0.26495754884696376,-0.11279046406156223,2.3,NA
IDN,2020,75,6,WPR,312042,362523,0.8607509040805686,306,40,46,0.684955891887273,1.020991084645806,0.35810414678013597,-1.4229329723749067,2.3,0
IDN,2021,75,6,WPR,338738,391245,0.8657950900330995,330,50,47,0.9829437121428992,1.1605473459840954,0.5909706416130664,-1.3574258469592395,2.3,0
IDN,2022,75,6,WPR,546042,630307,0.866311178520943,375,52,68,1.2809315323985255,1.422215335993388,0.6375439405796526,0.018223786769772203,2.3,0
IDN,2023,75,6,WPR,615315,718814,0.8560142122997048,388,47,74,1.5789193526541516,1.4978083108849614,0.5211106931631874,0.41126653926377554,2.3,0
IRN,2012,78,3,EMR,9579,11001,0.8707390237251159,26,1.2,53,-1.6989466701577367,-0.6071652976342369,-0.5454178531716344,-0.9643830944652361,2.7,NA
IRN,2013,78,3,EMR,9512,10884,0.8739434031606027,24,1,56,-1.4009588499021106,-0.6187949860790943,-0.550075183068293,-0.7678617182182345,2.5,NA
IRN,2014,78,3,EMR,8800,10172,0.8651199370821864,21,0.91,60,-1.1029710296464843,-0.6362395187463805,-0.5521709815217893,-0.5058332165555656,2.2,NA
IRN,2015,78,3,EMR,8827,10173,0.8676889806350142,20,1.2,63,-0.8049832093908581,-0.6420543629688092,-0.5454178531716344,-0.3093118403085639,2,NA
IRN,2016,78,3,EMR,7934,9205,0.8619228680065182,17,1.2,66,-0.5069953891352319,-0.6594988956360954,-0.5454178531716344,-0.11279046406156223,5.7,NA
IRN,2017,78,3,EMR,7750,8986,0.8624527042065435,16,1.1,68,-0.20900756887960567,-0.6653137398585242,-0.5477465181199636,0.018223786769772203,3.9,NA
IRN,2018,78,3,EMR,7610,8866,0.8583352131739228,15,1.2,70,0.08898025137602054,-0.6711285840809529,-0.5454178531716344,0.14923803760110665,3.5,NA
IRN,2019,78,3,EMR,7261,8498,0.8544363379618733,14,1.1,72,0.38696807163164676,-0.6769434283033815,-0.5477465181199636,0.2802522884324411,3.3,NA
IRN,2020,78,3,EMR,5018,5958,0.842228935884525,13,1.1,53,0.684955891887273,-0.6827582725258102,-0.5477465181199636,-0.9643830944652361,2.4,1
IRN,2021,78,3,EMR,5138,6191,0.8299143918591504,12,1.1,57,0.9829437121428992,-0.688573116748239,-0.5477465181199636,-0.7023545928025672,2.1,1
IRN,2022,78,3,EMR,6085,7234,0.8411667127453691,12,1.1,69,1.2809315323985255,-0.688573116748239,-0.5477465181199636,0.08373091218543942,1.9,1
IRN,2023,78,3,EMR,6233,7371,0.8456111789445123,11,1.1,73,1.5789193526541516,-0.6943879609706677,-0.5477465181199636,0.3457594138481083,1.7,1
IRQ,2012,79,3,EMR,7872,8664,0.9085872576177285,39,3.1,66,-1.6989466701577367,-0.5315723227426634,-0.5011732191533775,-0.11279046406156223,0.03,NA
IRQ,2013,79,3,EMR,7507,8554,0.8776011222819734,37,2.9,66,-1.4009588499021106,-0.5432020111875209,-0.5058305490500362,-0.11279046406156223,0.03,NA
IRQ,2014,79,3,EMR,7569,8268,0.9154571843251088,34,2.8,66,-1.1029710296464843,-0.5606465438548071,-0.5081592139983654,-0.11279046406156223,0.03,NA
IRQ,2015,79,3,EMR,7445,8183,0.9098130270072101,33,2.7,66,-0.8049832093908581,-0.5664613880772358,-0.5104878789466948,-0.11279046406156223,0.03,NA
IRQ,2016,79,3,EMR,6727,7246,0.9283742754623241,29,2.5,66,-0.5069953891352319,-0.5897207649669507,-0.5151452088433534,-0.11279046406156223,0.04,NA
IRQ,2017,79,3,EMR,6996,7644,0.9152276295133438,29,2.4,66,-0.20900756887960567,-0.5897207649669507,-0.5174738737916827,-0.11279046406156223,0.04,NA
IRQ,2018,79,3,EMR,6637,7106,0.9339994370954123,27,2.2,66,0.08898025137602054,-0.6013504534118082,-0.5221312036883413,-0.11279046406156223,0,NA
IRQ,2019,79,3,EMR,6194,6612,0.9367816091954023,24,2.1,66,0.38696807163164676,-0.6187949860790943,-0.5244598686366706,-0.11279046406156223,0.05,NA
IRQ,2020,79,3,EMR,4692,4985,0.9412236710130392,18,2,66,0.684955891887273,-0.6536840514136667,-0.5267885335849999,-0.11279046406156223,0.05,1
IRQ,2021,79,3,EMR,5409,5804,0.9319434872501723,20,1.8,66,0.9829437121428992,-0.6420543629688092,-0.5314458634816585,-0.11279046406156223,0.04,1
IRQ,2022,79,3,EMR,6241,6643,0.9394851723618847,23,1.7,66,1.2809315323985255,-0.6246098303015231,-0.5337745284299878,-0.11279046406156223,0.02,1
IRQ,2023,79,3,EMR,6461,6848,0.9434871495327103,23,1.6,66,1.5789193526541516,-0.6246098303015231,-0.5361031933783171,-0.11279046406156223,0,1
IRL,2012,77,4,EUR,207,338,0.6124260355029586,9.5,0.67,78,-1.6989466701577367,-0.7031102273043108,-0.5577597773977796,0.6732950409264444,3.4,NA
IRL,2013,77,4,EUR,204,346,0.5895953757225434,9.7,0.57,79,-1.4009588499021106,-0.7019472584598251,-0.560088442346109,0.7388021663421116,3.2,NA
IRL,2014,77,4,EUR,162,288,0.5625,8,0.57,80,-1.1029710296464843,-0.7118324936379539,-0.560088442346109,0.8043092917577789,3.1,NA
IRL,2015,77,4,EUR,151,265,0.569811320754717,7.7,0.44,81,-0.8049832093908581,-0.7135769469046825,-0.5631157067789371,0.869816417173446,3.2,NA
IRL,2016,77,4,EUR,103,286,0.36013986013986016,7.6,0.41,81,-0.5069953891352319,-0.7141584313269255,-0.5638143062634359,0.869816417173446,3.3,NA
IRL,2017,77,4,EUR,100,282,0.3546099290780142,7.7,0.39,81,-0.20900756887960567,-0.7135769469046825,-0.5642800392531017,0.869816417173446,3.5,NA
IRL,2018,77,4,EUR,110,284,0.3873239436619718,7.4,0.57,81,0.08898025137602054,-0.7153214001714111,-0.560088442346109,0.869816417173446,3.6,NA
IRL,2019,77,4,EUR,9,243,0.037037037037037035,6.2,0.19,81,0.38696807163164676,-0.7222992132383256,-0.5689373691497603,0.869816417173446,3.6,NA
IRL,2020,77,4,EUR,14,223,0.06278026905829596,5.6,0.39,82,0.684955891887273,-0.7257881197717829,-0.5642800392531017,0.9353235425891133,3.6,1
IRL,2021,77,4,EUR,7,204,0.03431372549019608,5,0.3,83,0.9829437121428992,-0.72927702630524,-0.566375837706598,1.0008306680047805,3.6,1
IRL,2022,77,4,EUR,81,180,0.45,4.7,0.21,83,1.2809315323985255,-0.7310214795719687,-0.5684716361600944,1.0008306680047805,3.6,1
IRL,2023,77,4,EUR,71,199,0.35678391959798994,4.8,0.4,83,1.5789193526541516,-0.7304399951497258,-0.5640471727582688,1.0008306680047805,3.6,1
ISR,2012,80,4,EUR,412,509,0.8094302554027505,8.3,0.35,80,-1.6989466701577367,-0.7100880403712253,-0.5652115052324334,0.8043092917577789,3.2,NA
ISR,2013,80,4,EUR,257,305,0.8426229508196721,4.9,0.24,81,-1.4009588499021106,-0.7298585107274829,-0.5677730366755958,0.869816417173446,4.7,NA
ISR,2014,80,4,EUR,285,322,0.8850931677018633,5.6,0.27,81,-1.1029710296464843,-0.7257881197717829,-0.5670744371910968,0.869816417173446,6.8,NA
ISR,2015,80,4,EUR,218,263,0.8288973384030418,4.3,0.23,82,-0.8049832093908581,-0.7333474172609402,-0.5680059031704285,0.9353235425891133,5,NA
ISR,2016,80,4,EUR,198,250,0.792,3.7,0.23,83,-0.5069953891352319,-0.7368363237943975,-0.5680059031704285,1.0008306680047805,7.2,NA
ISR,2017,80,4,EUR,196,225,0.8711111111111111,3.4,0.18,83,-0.20900756887960567,-0.738580777061126,-0.5691702356445932,1.0008306680047805,5.1,NA
ISR,2018,80,4,EUR,227,292,0.7773972602739726,4.1,0.27,84,0.08898025137602054,-0.734510386105426,-0.5670744371910968,1.0663377934204477,4.1,NA
ISR,2019,80,4,EUR,182,217,0.8387096774193549,2.9,0.25,85,0.38696807163164676,-0.7414881991723403,-0.5675401701807627,1.131844918836115,3.7,NA
ISR,2020,80,4,EUR,123,152,0.8092105263157895,2.1,0.13,85,0.684955891887273,-0.7461400745502834,-0.5703345681187579,1.131844918836115,9.5,0
ISR,2021,80,4,EUR,153,178,0.8595505617977528,2.8,0.15,86,0.9829437121428992,-0.7420696835945833,-0.569868835129092,1.1973520442517822,7.5,1
ISR,2022,80,4,EUR,166,206,0.8058252427184466,2.7,0.15,86,1.2809315323985255,-0.7426511680168261,-0.569868835129092,1.1973520442517822,3.5,1
ISR,2023,80,4,EUR,183,215,0.8511627906976744,2.8,0.26,86,1.5789193526541516,-0.7420696835945833,-0.5673073036859297,1.1973520442517822,4.4,1
JAM,2012,81,2,AMR,61,94,0.648936170212766,5,0.66,66,-1.6989466701577367,-0.72927702630524,-0.5579926438926126,-0.11279046406156223,23,NA
JAM,2013,81,2,AMR,80,104,0.7692307692307693,5.1,0.41,68,-1.4009588499021106,-0.7286955418829972,-0.5638143062634359,0.018223786769772203,17,NA
JAM,2014,81,2,AMR,16,89,0.1797752808988764,4.4,0.57,69,-1.1029710296464843,-0.7327659328386973,-0.560088442346109,0.08373091218543942,24,NA
JAM,2015,81,2,AMR,24,103,0.23300970873786409,5.2,0.58,71,-0.8049832093908581,-0.7281140574607543,-0.5598555758512761,0.21474516301677388,23,NA
JAM,2016,81,2,AMR,24,103,0.23300970873786409,5.1,0.52,72,-0.5069953891352319,-0.7286955418829972,-0.5612527748202736,0.2802522884324411,20,NA
JAM,2017,81,2,AMR,33,124,0.2661290322580645,5.9,0.57,73,-0.20900756887960567,-0.7240436665050541,-0.560088442346109,0.3457594138481083,20,NA
JAM,2018,81,2,AMR,18,81,0.2222222222222222,3.9,0.4,74,0.08898025137602054,-0.7356733549499116,-0.5640471727582688,0.41126653926377554,15,NA
JAM,2019,81,2,AMR,50,76,0.6578947368421053,3.5,0.37,75,0.38696807163164676,-0.7379992926388832,-0.5647457722427676,0.47677366467944277,14,NA
JAM,2020,81,2,AMR,38,61,0.6229508196721312,2.9,0.35,75,0.684955891887273,-0.7414881991723403,-0.5652115052324334,0.47677366467944277,14,1
JAM,2023,81,2,AMR,33,87,0.3793103448275862,4.3,0.46,74,1.5789193526541516,-0.7333474172609402,-0.5626499737892712,0.41126653926377554,17,1
JPN,2015,83,6,WPR,7378,13971,0.5280939088111087,17,2.4,83,-0.8049832093908581,-0.6594988956360954,-0.5174738737916827,1.0008306680047805,0.49,NA
JPN,2016,83,6,WPR,12213,17539,0.6963338844860026,17,2.4,83,-0.5069953891352319,-0.6594988956360954,-0.5174738737916827,1.0008306680047805,0.51,NA
JPN,2017,83,6,WPR,11388,16702,0.6818345108370255,16,2.9,83,-0.20900756887960567,-0.6653137398585242,-0.5058305490500362,1.0008306680047805,0.52,NA
JPN,2018,83,6,WPR,10192,15527,0.6564049719842855,15,2.8,83,0.08898025137602054,-0.6711285840809529,-0.5081592139983654,1.0008306680047805,0.53,NA
JPN,2019,83,6,WPR,9562,14422,0.6630148384412703,14,2.6,83,0.38696807163164676,-0.6769434283033815,-0.5128165438950241,1.0008306680047805,0.53,NA
JPN,2020,83,6,WPR,8225,12586,0.6535038932146829,12,2.3,83,0.684955891887273,-0.688573116748239,-0.5198025387400119,1.0008306680047805,0.53,0
JPN,2021,83,6,WPR,7367,11448,0.6435185185185185,11,2.2,83,0.9829437121428992,-0.6943879609706677,-0.5221312036883413,1.0008306680047805,0.53,0
JPN,2022,83,6,WPR,6623,10182,0.6504615989000196,9.9,2.6,83,1.2809315323985255,-0.7007842896153393,-0.5128165438950241,1.0008306680047805,0.53,0
JPN,2023,83,6,WPR,6774,10036,0.6749701076125947,9.8,1.2,83,1.5789193526541516,-0.7013657740375823,-0.5454178531716344,1.0008306680047805,0.53,0
JOR,2012,82,3,EMR,298,331,0.9003021148036254,6.4,0.19,69,-1.6989466701577367,-0.7211362443938398,-0.5689373691497603,0.08373091218543942,0,NA
JOR,2013,82,3,EMR,289,327,0.8837920489296636,6.4,0.16,69,-1.4009588499021106,-0.7211362443938398,-0.5696359686342591,0.08373091218543942,0,NA
JOR,2014,82,3,EMR,340,385,0.8831168831168831,6.4,0.12,68,-1.1029710296464843,-0.7211362443938398,-0.5705674346135908,0.018223786769772203,0,NA
JOR,2015,82,3,EMR,77,91,0.8461538461538461,6.5,0.07,68,-0.8049832093908581,-0.720554759971597,-0.5717317670877555,0.018223786769772203,0,NA
JOR,2016,82,3,EMR,371,416,0.8918269230769231,6.1,0.12,68,-0.5069953891352319,-0.7228806976605685,-0.5705674346135908,0.018223786769772203,0.24,NA
JOR,2017,82,3,EMR,297,526,0.564638783269962,7.5,0.1,69,-0.20900756887960567,-0.7147399157491683,-0.5710331676032566,0.08373091218543942,0,NA
JOR,2018,82,3,EMR,270,404,0.6683168316831684,5.6,0.1,67,0.08898025137602054,-0.7257881197717829,-0.5710331676032566,-0.04728333864589502,0.88,NA
JOR,2019,82,3,EMR,374,454,0.8237885462555066,6.3,0.09,66,0.38696807163164676,-0.7217177288160828,-0.5712660340980896,-0.11279046406156223,0,NA
JOR,2020,82,3,EMR,191,223,0.8565022421524664,5.3,0.09,43,0.684955891887273,-0.7275325730385115,-0.5712660340980896,-1.6194543486219084,0,1
JOR,2021,82,3,EMR,186,219,0.8493150684931506,4.8,0.09,41,0.9829437121428992,-0.7304399951497258,-0.5712660340980896,-1.7504685994532427,0,1
JOR,2022,82,3,EMR,186,226,0.8230088495575221,4.2,0.11,48,1.2809315323985255,-0.733928901683183,-0.5708003011084237,-1.2919187215435721,1.3,1
JOR,2023,82,3,EMR,207,247,0.8380566801619433,3.3,0.09,67,1.5789193526541516,-0.7391622614833689,-0.5712660340980896,-0.04728333864589502,0,1
KAZ,2012,84,4,EUR,14068,16275,0.8643932411674348,105,9.5,99,-1.6989466701577367,-0.14779260406236763,-0.352138662460302,2.048944674655456,2.1,NA
KAZ,2013,84,4,EUR,12841,14456,0.8882816823464306,109,6.2,99,-1.4009588499021106,-0.12453322717265272,-0.4289846057551691,2.048944674655456,2.6,NA
KAZ,2014,84,4,EUR,11186,12473,0.8968171249899783,86,5.5,99,-1.1029710296464843,-0.2582746442885134,-0.4452852603934742,2.048944674655456,4,NA
KAZ,2015,84,4,EUR,12691,14006,0.9061116664286735,78,4.2,99,-0.8049832093908581,-0.3047933980679432,-0.4755579047217552,2.048944674655456,2.7,NA
KAZ,2016,84,4,EUR,5962,6775,0.88,68,3.7,99,-0.5069953891352319,-0.3629418402922304,-0.4872012294634017,2.048944674655456,5.4,NA
KAZ,2017,84,4,EUR,7826,8589,0.9111654441727791,67,3.3,99,-0.20900756887960567,-0.36875668451465915,-0.4965158892567189,2.048944674655456,4,NA
KAZ,2018,84,4,EUR,7093,7859,0.9025321287695636,68,3,99,0.08898025137602054,-0.3629418402922304,-0.5035018841017068,2.048944674655456,5.9,NA
KAZ,2019,84,4,EUR,6704,7429,0.9024094763763629,66,2.7,99,0.38696807163164676,-0.3745715287370879,-0.5104878789466948,2.048944674655456,5.4,NA
KAZ,2020,84,4,EUR,5043,5742,0.8782654127481714,62,3,80,0.684955891887273,-0.3978309056268028,-0.5035018841017068,0.8043092917577789,6.5,1
KAZ,2021,84,4,EUR,4987,5621,0.8872086817292296,57,2.6,86,0.9829437121428992,-0.42690512673894637,-0.5128165438950241,1.1973520442517822,6.5,1
KAZ,2022,84,4,EUR,5325,5922,0.8991894630192503,53,2.8,94,1.2809315323985255,-0.4501645036286613,-0.5081592139983654,1.72140904757712,6.6,1
KAZ,2023,84,4,EUR,5240,5795,0.9042277825711821,49,2.3,95,1.5789193526541516,-0.4734238805183762,-0.5198025387400119,1.7869161729927872,6.2,1
KEN,2012,85,1,AFR,84195,98443,0.8552664993955893,471,158,45,-1.6989466701577367,1.9804403813465457,3.105928785808716,-1.4884400977905738,38,NA
KEN,2014,85,1,AFR,77539,89294,0.8683562165431048,423,139,45,-1.1029710296464843,1.7013278586699667,2.663482445626148,-1.4884400977905738,36,NA
KEN,2015,85,1,AFR,69975,80310,0.8713111692192753,380,123,45,-0.8049832093908581,1.4512895571055315,2.290896053893459,-1.4884400977905738,33,NA
KEN,2016,85,1,AFR,61574,75705,0.8133412588336305,348,111,46,-0.5069953891352319,1.2652145419878125,2.0114562600939427,-1.4229329723749067,31,NA
KEN,2017,85,1,AFR,69244,83088,0.8333814750625842,319,88,53,-0.20900756887960567,1.0965840595373795,1.4758633219782025,-0.9643830944652361,29,NA
KEN,2018,85,1,AFR,79747,94534,0.8435800875875347,292,64,65,0.08898025137602054,0.9395832655318038,0.9169837343791692,-0.17829758947722946,27,NA
KEN,2019,85,1,AFR,71914,84049,0.8556199359897203,267,62,62,0.38696807163164676,0.7942121599710857,0.8704104354125831,-0.3748189657242311,26,NA
KEN,2020,85,1,AFR,59734,70382,0.848711318234776,248,60,55,0.684955891887273,0.68373011974494,0.823837136445997,-0.8333688436339016,26,1
KEN,2021,85,1,AFR,65534,75086,0.8727858721998775,247,62,58,0.9829437121428992,0.6779152755225113,0.8704104354125831,-0.6368474673869,26,1
KEN,2022,85,1,AFR,77731,87689,0.8864395762296298,238,48,69,1.2809315323985255,0.6255816775206527,0.5443973426464803,0.08373091218543942,24,1
KEN,2023,85,1,AFR,84083,94024,0.8942716753169404,214,42,80,1.5789193526541516,0.48602541618236333,0.4046774457467221,0.8043092917577789,23,1
KIR,2012,88,6,WPR,311,348,0.8936781609195402,784,40,39,-1.6989466701577367,3.8004866229667362,0.35810414678013597,-1.8814828502845773,0,NA
KIR,2013,88,6,WPR,340,394,0.8629441624365483,888,40,40,-1.4009588499021106,4.405230422099324,0.35810414678013597,-1.81597572486891,0,NA
KIR,2014,88,6,WPR,362,415,0.8722891566265061,870,39,41,-1.1029710296464843,4.300563226095607,0.3348174972968429,-1.7504685994532427,0,NA
KIR,2015,88,6,WPR,449,495,0.907070707070707,1010,38,42,-0.8049832093908581,5.114641417235628,0.3115308478135499,-1.6849614740375756,0,NA
KIR,2016,88,6,WPR,468,518,0.9034749034749034,1010,38,43,-0.5069953891352319,5.114641417235628,0.3115308478135499,-1.6194543486219084,0,NA
KIR,2017,88,6,WPR,344,385,0.8935064935064935,718,38,45,-0.20900756887960567,3.4167069042864404,0.3115308478135499,-1.4884400977905738,0,NA
KIR,2018,88,6,WPR,298,323,0.9226006191950464,582,37,45,0.08898025137602054,2.625888090036134,0.28824419833025683,-1.4884400977905738,0,NA
KIR,2019,88,6,WPR,379,410,0.9243902439024391,715,37,46,0.38696807163164676,3.3992623716191543,0.28824419833025683,-1.4229329723749067,0,NA
KIR,2020,88,6,WPR,319,385,0.8285714285714286,655,37,47,0.684955891887273,3.0503717182734307,0.28824419833025683,-1.3574258469592395,0,1
KIR,2021,88,6,WPR,284,330,0.8606060606060606,547,38,47,0.9829437121428992,2.4223685422511285,0.3115308478135499,-1.3574258469592395,0.46,1
KIR,2022,88,6,WPR,309,360,0.8583333333333333,588,38,47,1.2809315323985255,2.6607771553707065,0.3115308478135499,-1.3574258469592395,0.46,1
KIR,2023,88,6,WPR,502,565,0.8884955752212389,908,39,47,1.5789193526541516,4.521527306547898,0.3348174972968429,-1.3574258469592395,0.46,1
KWT,2013,90,3,EMR,579,703,0.8236130867709816,27,0.2,75,-1.4009588499021106,-0.6013504534118082,-0.5687045026549274,0.47677366467944277,0.31,NA
KWT,2014,90,3,EMR,711,734,0.9686648501362398,27,0.17,75,-1.1029710296464843,-0.6013504534118082,-0.5694031021394261,0.47677366467944277,0.31,NA
KWT,2015,90,3,EMR,651,748,0.8703208556149733,26,0.48,76,-0.8049832093908581,-0.6071652976342369,-0.5621842407996053,0.54228079009511,0.31,NA
KWT,2016,90,3,EMR,731,837,0.8733572281959379,27,0.49,76,-0.5069953891352319,-0.6013504534118082,-0.5619513743047725,0.54228079009511,0.33,NA
KWT,2017,90,3,EMR,880,986,0.8924949290060852,31,0.52,77,-0.20900756887960567,-0.5780910765220932,-0.5612527748202736,0.6077879155107772,0.36,NA
KWT,2018,90,3,EMR,679,820,0.8280487804878048,25,0.37,77,0.08898025137602054,-0.6129801418566656,-0.5647457722427676,0.6077879155107772,0.37,NA
KWT,2019,90,3,EMR,582,791,0.7357774968394437,23,0.41,77,0.38696807163164676,-0.6246098303015231,-0.5638143062634359,0.6077879155107772,0.38,NA
KWT,2020,90,3,EMR,569,691,0.8234442836468886,20,0.39,77,0.684955891887273,-0.6420543629688092,-0.5642800392531017,0.6077879155107772,0.38,1
KWT,2021,90,3,EMR,733,736,0.9959239130434783,22,0.39,77,0.9829437121428992,-0.6304246745239518,-0.5642800392531017,0.6077879155107772,0.38,1
KWT,2022,90,3,EMR,449,449,1,13,0.4,77,1.2809315323985255,-0.6827582725258102,-0.5640471727582688,0.6077879155107772,0.89,1
KWT,2023,90,3,EMR,405,410,0.9878048780487805,11,0.38,77,1.5789193526541516,-0.6943879609706677,-0.5645129057479347,0.6077879155107772,0.49,1
KGZ,2014,86,4,EUR,4837,5731,0.8440062816262432,171,10,63,-1.1029710296464843,0.2359871146179282,-0.3404953377186555,-0.3093118403085639,3.1,NA
KGZ,2015,86,4,EUR,5063,6139,0.8247271542596514,178,8.9,66,-0.8049832093908581,0.27669102417492925,-0.3661106521502778,-0.11279046406156223,3.1,NA
KGZ,2016,86,4,EUR,4968,6072,0.8181818181818182,170,8.1,67,-0.5069953891352319,0.23017227039549948,-0.3847399717369123,-0.04728333864589502,3.4,NA
KGZ,2017,86,4,EUR,4728,5752,0.8219749652294854,156,7.4,69,-0.20900756887960567,0.14876445128149732,-0.40104062637521737,0.08373091218543942,3.6,NA
KGZ,2018,86,4,EUR,4321,5333,0.8102381398837427,144,6.7,69,0.08898025137602054,0.07898632061235264,-0.4173412810135226,0.08373091218543942,3.2,NA
KGZ,2019,86,4,EUR,4155,5110,0.8131115459882583,136,5.3,70,0.38696807163164676,0.03246756683292284,-0.44994259029013284,0.14923803760110665,2.3,NA
KGZ,2020,86,4,EUR,2839,3472,0.817684331797235,131,5.8,48,0.684955891887273,0.003393345720779215,-0.4382992655484863,-1.2919187215435721,3.3,0
KGZ,2021,86,4,EUR,3121,3845,0.811703511053316,132,6.1,51,0.9829437121428992,0.00920818994320794,-0.43131327070349845,-1.0953973452965706,2.9,1
KGZ,2022,86,4,EUR,3184,3845,0.8280884265279583,133,5.8,49,1.2809315323985255,0.015023034165636663,-0.4382992655484863,-1.226411596127905,2.8,1
KGZ,2023,86,4,EUR,3014,3493,0.8628685943315202,131,5.2,45,1.5789193526541516,0.003393345720779215,-0.4522712552384622,-1.4884400977905738,3.5,1
LAO,2013,91,6,WPR,3437,3937,0.872999745999492,197,62,32,-1.4009588499021106,0.387173064401075,0.8704104354125831,-2.340032728194248,4.8,NA
LAO,2014,91,6,WPR,3605,4198,0.8587422582181992,189,58,35,-1.1029710296464843,0.34065431062164525,0.777263837479411,-2.143511351947246,7.6,NA
LAO,2015,91,6,WPR,3979,4547,0.8750824719595337,182,55,37,-0.8049832093908581,0.29995040106464416,0.7074038890295317,-2.012497101115912,7.6,NA
LAO,2016,91,6,WPR,4286,4976,0.8613344051446945,175,49,41,-0.5069953891352319,0.2592464915076431,0.5676839921297734,-1.7504685994532427,6,NA
LAO,2017,91,6,WPR,5107,5730,0.8912739965095986,168,41,49,-0.20900756887960567,0.21854258195064202,0.38139079626342903,-1.226411596127905,5.9,NA
LAO,2018,91,6,WPR,5779,6555,0.8816170861937452,162,34,57,0.08898025137602054,0.18365351661606968,0.2183842498803777,-0.7023545928025672,6.3,NA
LAO,2019,91,6,WPR,6159,6809,0.9045381113232487,155,30,61,0.38696807163164676,0.1429496070590686,0.12523765194720549,-0.44032609113989835,5.5,NA
LAO,2020,91,6,WPR,7094,8002,0.886528367908023,149,22,73,0.684955891887273,0.10806054172449625,-0.061055543919138915,0.3457594138481083,5.6,1
LAO,2021,91,6,WPR,5360,6175,0.8680161943319838,143,30,58,0.9829437121428992,0.07317147638992391,0.12523765194720549,-0.6368474673869,5.8,1
LAO,2022,91,6,WPR,7617,8681,0.8774334754060592,138,15,84,1.2809315323985255,0.04409725527778029,-0.22406209030219026,1.0663377934204477,4.5,1
LAO,2023,91,6,WPR,8184,9132,0.8961892247043364,132,9.9,90,1.5789193526541516,0.00920818994320794,-0.3428240026669848,1.459380545914451,4.7,1
LVA,2012,98,4,EUR,758,872,0.8692660550458715,76,6.7,62,-1.6989466701577367,-0.31642308651280066,-0.4173412810135226,-0.3748189657242311,14,NA
LVA,2013,98,4,EUR,669,804,0.832089552238806,68,6.5,64,-1.4009588499021106,-0.3629418402922304,-0.42199861091018115,-0.24380471489289668,5.5,NA
LVA,2014,98,4,EUR,561,675,0.8311111111111111,57,7.2,65,-1.1029710296464843,-0.42690512673894637,-0.40569795627187605,-0.17829758947722946,19,NA
LVA,2015,98,4,EUR,540,642,0.8411214953271028,53,7.9,66,-0.8049832093908581,-0.4501645036286613,-0.38939730163357084,-0.11279046406156223,17,NA
LVA,2016,98,4,EUR,505,592,0.8530405405405406,47,5.6,69,-0.5069953891352319,-0.48505356896323365,-0.442956595445145,0.08373091218543942,11,NA
LBN,2012,92,3,EMR,448,630,0.7111111111111111,18,3,66,-1.6989466701577367,-0.6536840514136667,-0.5035018841017068,-0.11279046406156223,0.71,NA
LBN,2013,92,3,EMR,487,689,0.706821480406386,18,2.9,67,-1.4009588499021106,-0.6536840514136667,-0.5058305490500362,-0.04728333864589502,0.93,NA
LBN,2014,92,3,EMR,512,671,0.7630402384500745,16,2.5,68,-1.1029710296464843,-0.6653137398585242,-0.5151452088433534,0.018223786769772203,2,NA
LBN,2015,92,3,EMR,530,640,0.828125,15,2.3,69,-0.8049832093908581,-0.6711285840809529,-0.5198025387400119,0.08373091218543942,1.2,NA
LBN,2016,92,3,EMR,542,636,0.8522012578616353,14,2.2,70,-0.5069953891352319,-0.6769434283033815,-0.5221312036883413,0.14923803760110665,0.83,NA
LBN,2017,92,3,EMR,524,621,0.8438003220611916,14,2,72,-0.20900756887960567,-0.6769434283033815,-0.5267885335849999,0.2802522884324411,0.72,NA
LBN,2018,92,3,EMR,530,656,0.8079268292682927,15,2.2,72,0.08898025137602054,-0.6711285840809529,-0.5221312036883413,0.2802522884324411,1,NA
LBN,2019,92,3,EMR,602,754,0.7984084880636605,18,2.5,73,0.38696807163164676,-0.6536840514136667,-0.5151452088433534,0.3457594138481083,0.81,NA
LBN,2020,92,3,EMR,531,655,0.8106870229007633,16,2.2,73,0.684955891887273,-0.6653137398585242,-0.5221312036883413,0.3457594138481083,0.37,1
LBN,2021,92,3,EMR,412,467,0.8822269807280514,11,1.6,72,0.9829437121428992,-0.6943879609706677,-0.5361031933783171,0.2802522884324411,0.88,1
LBN,2022,92,3,EMR,429,505,0.8495049504950495,12,1.7,72,1.2809315323985255,-0.688573116748239,-0.5337745284299878,0.2802522884324411,0.3,1
LBN,2023,92,3,EMR,427,503,0.8489065606361829,12,1.7,72,1.5789193526541516,-0.688573116748239,-0.5337745284299878,0.2802522884324411,0.84,1
LSO,2012,96,1,AFR,7643,10776,0.7092613214550854,1040,394,51,-1.6989466701577367,5.28908674390849,8.601578063865876,-1.0953973452965706,74,NA
LSO,2014,96,1,AFR,6326,9000,0.7028888888888889,853,322,50,-1.1029710296464843,4.201710874314318,6.924939301068776,-1.1609044707122378,72,NA
LSO,2015,96,1,AFR,5602,7557,0.7412994574566627,780,311,46,-0.8049832093908581,3.7772272460770213,6.668786156752552,-1.4229329723749067,72,NA
LSO,2016,96,1,AFR,5635,7291,0.7728706624605678,721,281,48,-0.5069953891352319,3.4341514369537265,5.970186672253761,-1.2919187215435721,72,NA
LSO,2017,96,1,AFR,5567,7305,0.7620807665982204,681,260,48,-0.20900756887960567,3.201557668056578,5.481167033104607,-1.2919187215435721,70,NA
LSO,2018,96,1,AFR,5437,7059,0.770222411106389,659,242,49,0.08898025137602054,3.0736310951631456,5.062007342405332,-1.226411596127905,66,NA
LSO,2019,96,1,AFR,5373,6916,0.7768941584731058,654,235,49,0.38696807163164676,3.0445568740510023,4.899000796022281,-1.226411596127905,62,NA
LSO,2020,96,1,AFR,3390,4478,0.757034390352836,599,229,34,0.684955891887273,2.7247404418174224,4.759280899122523,-2.209018477362913,64,1
LSO,2021,96,1,AFR,3470,4508,0.7697426796805679,606,239,33,0.9829437121428992,2.7654443513744233,4.992147393955453,-2.2745256027785805,64,1
LSO,2022,96,1,AFR,4435,5523,0.8030056128915445,611,236,40,1.2809315323985255,2.794518572486567,4.922287445505574,-1.81597572486891,62,1
LSO,2023,96,1,AFR,5284,6458,0.8182099721275937,584,210,48,1.5789193526541516,2.6375177784809916,4.316834558939955,-1.2919187215435721,62,1
LBR,2012,93,1,AFR,6432,8132,0.7909493359567142,324,78,57,-1.6989466701577367,1.125658280649523,1.2429968271452718,-0.7023545928025672,22,NA
LBR,2013,93,1,AFR,1421,3534,0.4020939445387663,315,81,53,-1.4009588499021106,1.0733246826476646,1.312856775595151,-0.9643830944652361,21,NA
LBR,2014,93,1,AFR,3718,4998,0.7438975590236094,302,99,37,-1.1029710296464843,0.9977317077560911,1.732016466294426,-2.012497101115912,19,NA
LBR,2015,93,1,AFR,4762,6147,0.7746868391085082,289,83,43,-0.8049832093908581,0.9221387328645176,1.3594300745617371,-1.6194543486219084,13,NA
LBR,2016,93,1,AFR,5642,7374,0.7651206943314348,279,69,54,-0.5069953891352319,0.8639902906402305,1.0334169817956345,-0.8988759690495689,16,NA
LBR,2017,93,1,AFR,5338,6907,0.772839148689735,268,59,59,-0.20900756887960567,0.8000270041935145,0.800550486962704,-0.5713403419712327,15,NA
LBR,2018,93,1,AFR,5778,7703,0.7500973646631183,257,55,61,0.08898025137602054,0.7360637177467985,0.7074038890295317,-0.44032609113989835,17,NA
LBR,2019,93,1,AFR,5643,7509,0.7514982021574111,249,47,66,0.38696807163164676,0.6895449639673688,0.5211106931631874,-0.11279046406156223,14,NA
LBR,2020,93,1,AFR,5290,6990,0.7567954220314735,240,54,56,0.684955891887273,0.6372113659655102,0.6841172395462387,-0.7678617182182345,11,0
LBR,2021,93,1,AFR,71,91,0.7802197802197802,232,49,60,0.9829437121428992,0.5906926121860804,0.5676839921297734,-0.5058332165555656,11,1
LBR,2022,93,1,AFR,5514,7043,0.7829050120687208,224,48,59,1.2809315323985255,0.5441738584066506,0.5443973426464803,-0.5713403419712327,11,1
LBY,2012,94,3,EMR,957,1590,0.6018867924528302,38,6.8,66,-1.6989466701577367,-0.5373871669650921,-0.41501261606519324,-0.11279046406156223,7.2,NA
LBY,2013,94,3,EMR,799,1345,0.5940520446096654,35,6.8,61,-1.4009588499021106,-0.5548316996323783,-0.41501261606519324,-0.44032609113989835,3.9,NA
LBY,2014,94,3,EMR,659,1153,0.5715524718126627,33,7.2,55,-1.1029710296464843,-0.5664613880772358,-0.40569795627187605,-0.8333688436339016,4.7,NA
LBY,2015,94,3,EMR,589,966,0.6097308488612836,32,7.9,47,-0.8049832093908581,-0.5722762322996645,-0.38939730163357084,-1.3574258469592395,2.2,NA
LBY,2016,94,3,EMR,668,1131,0.5906277630415562,32,7.3,53,-0.5069953891352319,-0.5722762322996645,-0.4033692913235467,-0.9643830944652361,2.2,NA
LBY,2017,94,3,EMR,800,1363,0.586940572267058,34,6.9,59,-0.20900756887960567,-0.5606465438548071,-0.4126839511168639,-0.5713403419712327,2.6,NA
LBY,2018,94,3,EMR,1415,2045,0.6919315403422983,37,5.3,72,0.08898025137602054,-0.5432020111875209,-0.44994259029013284,0.2802522884324411,1.2,NA
LBY,2019,94,3,EMR,1559,2215,0.7038374717832957,40,4.3,80,0.38696807163164676,-0.5257574785202347,-0.47322923977342585,0.8043092917577789,1.2,NA
LBY,2020,94,3,EMR,1204,1734,0.6943483275663207,43,8.7,57,0.684955891887273,-0.5083129458529485,-0.3707679820469365,-0.7023545928025672,0.65,1
LBY,2021,94,3,EMR,1197,1944,0.6157407407407407,47,9.5,58,0.9829437121428992,-0.48505356896323365,-0.352138662460302,-0.6368474673869,0.65,1
LBY,2023,94,3,EMR,1378,2421,0.5691862866584056,57,12,55,1.5789193526541516,-0.42690512673894637,-0.2939220387520694,-0.8333688436339016,3.6,1
LTU,2012,97,4,EUR,1163,1459,0.7971213159698424,91,9.8,60,-1.6989466701577367,-0.22920042317636977,-0.3451526676153141,-0.5058332165555656,2.4,NA
LTU,2013,97,4,EUR,1107,1392,0.7952586206896551,85,8.5,62,-1.4009588499021106,-0.2640894885109421,-0.3754253119435951,-0.3748189657242311,3.4,NA
LTU,2014,97,4,EUR,1034,1282,0.8065522620904836,79,9.1,64,-1.1029710296464843,-0.29897855384551447,-0.36145332225361926,-0.24380471489289668,3.2,NA
LTU,2015,97,4,EUR,962,1219,0.7891714520098442,73,7.8,66,-0.8049832093908581,-0.3338676191800868,-0.3917259665819002,-0.11279046406156223,3.8,NA
LTU,2016,97,4,EUR,967,1152,0.8394097222222222,70,7.2,67,-0.5069953891352319,-0.35131215184737297,-0.40569795627187605,-0.04728333864589502,3.2,NA
LTU,2017,97,4,EUR,900,1086,0.8287292817679558,65,6.5,68,-0.20900756887960567,-0.3803863729595166,-0.42199861091018115,0.018223786769772203,3.5,NA
LTU,2018,97,4,EUR,807,926,0.8714902807775378,54,4.8,70,0.08898025137602054,-0.44434965940623256,-0.46158591503177937,0.14923803760110665,3.2,NA
LTU,2019,97,4,EUR,754,866,0.8706697459584296,50,4.6,72,0.38696807163164676,-0.46760903629594747,-0.466243244928438,0.2802522884324411,2.6,NA
LTU,2020,97,4,EUR,514,601,0.8552412645590682,34,4.1,73,0.684955891887273,-0.5606465438548071,-0.4778865696700845,0.3457594138481083,2.9,1
LTU,2021,97,4,EUR,456,528,0.8636363636363636,31,3.9,73,0.9829437121428992,-0.5780910765220932,-0.48254389956674315,0.3457594138481083,2.5,1
LTU,2022,97,4,EUR,538,617,0.8719611021069692,35,4.2,73,1.2809315323985255,-0.5548316996323783,-0.4755579047217552,0.3457594138481083,2.7,1
LTU,2023,97,4,EUR,517,599,0.8631051752921536,34,4.8,73,1.5789193526541516,-0.5606465438548071,-0.46158591503177937,0.3457594138481083,4.2,1
MDG,2012,102,1,AFR,21608,26261,0.8228171052130536,227,55,48,-1.6989466701577367,0.5616183910739367,0.7074038890295317,-1.2919187215435721,2.1,NA
MDG,2018,102,1,AFR,28537,34317,0.8315703587143398,214,43,58,0.08898025137602054,0.48602541618236333,0.4279640952300151,-0.6368474673869,1.6,NA
MDG,2019,102,1,AFR,29570,35882,0.8240900730171117,214,40,62,0.38696807163164676,0.48602541618236333,0.35810414678013597,-0.3748189657242311,1.2,NA
MDG,2020,102,1,AFR,27830,33576,0.8288658565642125,214,43,58,0.684955891887273,0.48602541618236333,0.4279640952300151,-0.6368474673869,1.6,1
MDG,2021,102,1,AFR,32847,39687,0.8276513719857888,216,39,63,0.9829437121428992,0.4976551046272208,0.3348174972968429,-0.3093118403085639,1.6,0
MDG,2022,102,1,AFR,34266,45724,0.7494095004811477,218,35,68,1.2809315323985255,0.5092847930720783,0.24167089936367073,0.018223786769772203,1.6,1
MDG,2023,102,1,AFR,37466,45508,0.8232838182297618,220,36,68,1.5789193526541516,0.5209144815169356,0.26495754884696376,0.018223786769772203,2.9,1
MWI,2012,116,1,AFR,15849,19361,0.8186044109291876,291,111,45,-1.6989466701577367,0.9337684213093751,2.0114562600939427,-1.4884400977905738,59,NA
MWI,2013,116,1,AFR,14506,17779,0.8159064064345576,261,101,42,-1.4009588499021106,0.7593230946365134,1.778589765261012,-1.6849614740375756,56,NA
MWI,2014,116,1,AFR,13867,16267,0.852462039712301,228,86,43,-1.1029710296464843,0.5674332352963655,1.4292900230116163,-1.6194543486219084,54,NA
MWI,2015,116,1,AFR,12585,15597,0.80688593960377,197,70,47,-0.8049832093908581,0.387173064401075,1.0567036312789275,-1.3574258469592395,53,NA
MWI,2016,116,1,AFR,12877,15683,0.821080150481413,176,59,50,-0.5069953891352319,0.26506133573007185,0.800550486962704,-1.1609044707122378,53,NA
MWI,2017,116,1,AFR,14003,16321,0.8579743888242142,162,48,57,-0.20900756887960567,0.18365351661606968,0.5443973426464803,-0.7023545928025672,49,NA
MWI,2018,116,1,AFR,13522,15435,0.8760609005506965,153,46,55,0.08898025137602054,0.13131991861421116,0.49782404367989425,-0.8333688436339016,48,NA
MWI,2019,116,1,AFR,14748,16844,0.8755639990501068,146,39,61,0.38696807163164676,0.09061600905721008,0.3348174972968429,-0.44032609113989835,47,NA
MWI,2020,116,1,AFR,13320,14863,0.8961851577743389,138,40,56,0.684955891887273,0.04409725527778029,0.35810414678013597,-0.7678617182182345,45,1
MWI,2021,116,1,AFR,12797,14221,0.8998663947683004,132,39,55,0.9829437121428992,0.00920818994320794,0.3348174972968429,-0.8333688436339016,45,1
MWI,2022,116,1,AFR,16015,17723,0.9036280539412064,125,28,70,1.2809315323985255,-0.03149571961379313,0.07866435298061938,0.14923803760110665,48,1
MWI,2023,116,1,AFR,17088,18767,0.9105344487664517,119,23,75,1.5789193526541516,-0.06638478494836549,-0.037768894435845864,0.47677366467944277,47,1
MYS,2012,117,6,WPR,17068,22015,0.7752895752895753,108,7.3,68,-1.6989466701577367,-0.13034807139508145,-0.4033692913235467,0.018223786769772203,6.1,NA
MYS,2013,117,6,WPR,17640,23346,0.7555898226676947,112,7.2,69,-1.4009588499021106,-0.10708869450536655,-0.40569795627187605,0.08373091218543942,7.3,NA
MYS,2014,117,6,WPR,18601,23982,0.7756233842048202,110,7.2,71,-1.1029710296464843,-0.118718382950224,-0.40569795627187605,0.21474516301677388,6.8,NA
MYS,2015,117,6,WPR,18488,23565,0.7845533630384044,104,6.9,72,-0.8049832093908581,-0.15360744828479636,-0.4126839511168639,0.2802522884324411,5,NA
MYS,2016,117,6,WPR,19980,25005,0.7990401919616077,106,7.7,74,-0.5069953891352319,-0.1419777598399389,-0.3940546315302295,0.41126653926377554,6.3,NA
MYS,2017,117,6,WPR,20158,24810,0.8124949617089883,103,7.3,76,-0.20900756887960567,-0.15942229250722506,-0.4033692913235467,0.54228079009511,6.1,NA
MYS,2018,117,6,WPR,19344,24463,0.7907452070473777,100,6.1,76,0.08898025137602054,-0.17686682517451124,-0.43131327070349845,0.54228079009511,6.4,NA
MYS,2019,117,6,WPR,20033,25144,0.7967308304167993,100,6.6,77,0.38696807163164676,-0.17686682517451124,-0.4196699459618519,0.6077879155107772,5.9,NA
MYS,2020,117,6,WPR,17834,22973,0.7763026161145693,99,5.8,68,0.684955891887273,-0.18268166939693997,-0.4382992655484863,0.018223786769772203,5.6,1
MYS,2021,117,6,WPR,16347,20710,0.7893288266537904,98,7.6,63,0.9829437121428992,-0.1884965136193687,-0.39638329647855886,-0.3093118403085639,4.5,1
MYS,2022,117,6,WPR,19602,24279,0.8073643889781292,98,8.5,73,1.2809315323985255,-0.1884965136193687,-0.3754253119435951,0.3457594138481083,4.5,1
MYS,2023,117,6,WPR,20891,25632,0.8150358926342073,97,8.2,77,1.5789193526541516,-0.19431135784179743,-0.382411306788583,0.6077879155107772,4,1
MDV,2012,103,5,SEA,86,109,0.7889908256880734,49,1.6,58,-1.6989466701577367,-0.4734238805183762,-0.5361031933783171,-0.6368474673869,0.13,NA
MDV,2013,103,5,SEA,95,113,0.8407079646017699,48,2.1,59,-1.4009588499021106,-0.4792387247408049,-0.5244598686366706,-0.5713403419712327,0,NA
MDV,2014,103,5,SEA,47,126,0.373015873015873,50,2,61,-1.1029710296464843,-0.46760903629594747,-0.5267885335849999,-0.44032609113989835,0,NA
MDV,2015,103,5,SEA,127,153,0.8300653594771242,57,1.6,63,-0.8049832093908581,-0.42690512673894637,-0.5361031933783171,-0.3093118403085639,0,NA
MDV,2016,103,5,SEA,139,168,0.8273809523809523,57,2.9,67,-0.5069953891352319,-0.42690512673894637,-0.5058305490500362,-0.04728333864589502,0.6,NA
MDV,2017,103,5,SEA,93,136,0.6838235294117647,42,2.4,71,-0.20900756887960567,-0.5141277900753772,-0.5174738737916827,0.21474516301677388,0,NA
MDV,2018,103,5,SEA,88,138,0.6376811594202898,43,2.3,69,0.08898025137602054,-0.5083129458529485,-0.5198025387400119,0.08373091218543942,0.72,NA
MDV,2019,103,5,SEA,94,154,0.6103896103896104,48,2.1,66,0.38696807163164676,-0.4792387247408049,-0.5244598686366706,-0.11279046406156223,0,NA
MDV,2020,103,5,SEA,86,107,0.8037383177570093,33,1.9,64,0.684955891887273,-0.5664613880772358,-0.5291171985333293,-0.24380471489289668,0,1
MDV,2021,103,5,SEA,67,87,0.7701149425287356,27,1.8,62,0.9829437121428992,-0.6013504534118082,-0.5314458634816585,-0.3748189657242311,0,1
MDV,2022,103,5,SEA,77,111,0.6936936936936937,34,1.7,62,1.2809315323985255,-0.5606465438548071,-0.5337745284299878,-0.3748189657242311,0,1
MDV,2023,103,5,SEA,78,117,0.6666666666666666,36,1.6,62,1.5789193526541516,-0.5490168554099496,-0.5361031933783171,-0.3748189657242311,0,1
MLI,2012,107,1,AFR,5196,5602,0.9275258836129954,68,17,47,-1.6989466701577367,-0.3629418402922304,-0.17748879133560416,-1.3574258469592395,7.2,NA
MLI,2013,107,1,AFR,4325,5810,0.7444061962134251,66,17,50,-1.4009588499021106,-0.3745715287370879,-0.17748879133560416,-1.1609044707122378,17,NA
MLI,2014,107,1,AFR,3764,5177,0.7270620050222136,64,17,50,-1.1029710296464843,-0.38620121718194533,-0.17748879133560416,-1.1609044707122378,15,NA
MLI,2015,107,1,AFR,5208,6732,0.7736185383244206,63,14,58,-0.8049832093908581,-0.39201606140437406,-0.2473487397854833,-0.6368474673869,14,NA
MLI,2016,107,1,AFR,5410,7038,0.7686842853083262,61,14,58,-0.5069953891352319,-0.4036457498492315,-0.2473487397854833,-0.6368474673869,13,NA
MLI,2017,107,1,AFR,5014,6388,0.784909204758923,60,14,54,-0.20900756887960567,-0.40946059407166024,-0.2473487397854833,-0.8988759690495689,11,NA
MLI,2018,107,1,AFR,5518,6889,0.8009870808535346,59,13,57,0.08898025137602054,-0.41527543829408897,-0.27063538926877634,-0.7023545928025672,10,NA
MLI,2019,107,1,AFR,5689,6909,0.8234187291938052,57,13,57,0.38696807163164676,-0.42690512673894637,-0.27063538926877634,-0.7023545928025672,9.8,NA
MLI,2021,107,1,AFR,5994,7285,0.822786547700755,54,11,60,0.9829437121428992,-0.44434965940623256,-0.31720868823536247,-0.5058332165555656,8.6,1
MLI,2022,107,1,AFR,6672,7897,0.8448778016968469,53,9.9,64,1.2809315323985255,-0.4501645036286613,-0.3428240026669848,-0.24380471489289668,8.8,1
MLI,2023,107,1,AFR,6920,8266,0.8371642874425357,52,8.9,67,1.5789193526541516,-0.45597934785109,-0.3661106521502778,-0.04728333864589502,6.6,1
MLT,2020,108,4,EUR,136,137,0.9927007299270073,27,0.24,100,0.684955891887273,-0.6013504534118082,-0.5677730366755958,2.1144518000711234,NA,1
MLT,2021,108,4,EUR,52,53,0.9811320754716981,10,0.22,100,0.9829437121428992,-0.7002028051930964,-0.5682387696652615,2.1144518000711234,NA,1
MHL,2012,105,6,WPR,127,147,0.8639455782312925,517,110,54,-1.6989466701577367,2.247923215578267,1.9881696106106495,-0.8988759690495689,0,NA
MHL,2013,105,6,WPR,136,153,0.8888888888888888,532,112,55,-1.4009588499021106,2.3351458789146977,2.034742909577236,-0.8333688436339016,0.88,NA
MHL,2014,105,6,WPR,131,152,0.8618421052631579,509,105,56,-1.1029710296464843,2.201404461798837,1.8717363631941843,-0.7678617182182345,0,NA
MHL,2015,105,6,WPR,31,128,0.2421875,498,101,57,-0.8049832093908581,2.137441175352121,1.778589765261012,-0.7023545928025672,0,NA
MHL,2016,105,6,WPR,142,176,0.8068181818181818,649,129,58,-0.5069953891352319,3.0154826529388585,2.4306159507932175,-0.6368474673869,0,NA
MHL,2017,105,6,WPR,165,199,0.8291457286432161,745,145,59,-0.20900756887960567,3.573707698292016,2.803202342525906,-0.5713403419712327,0,NA
MHL,2018,105,6,WPR,373,410,0.9097560975609756,1610,313,59,0.08898025137602054,8.603547950692862,6.715359455719138,-0.5713403419712327,0,NA
MHL,2019,105,6,WPR,195,224,0.8705357142857143,877,171,59,0.38696807163164676,4.341267135652608,3.4086552290915253,-0.5713403419712327,0.44,NA
MHL,2020,105,6,WPR,126,147,0.8571428571428571,581,112,59,0.684955891887273,2.620073245813705,2.034742909577236,-0.5713403419712327,0,1
MHL,2021,105,6,WPR,106,118,0.8983050847457628,478,92,60,0.9829437121428992,2.0211442909035466,1.5690099199113745,-0.5058332165555656,0,1
MHL,2022,105,6,WPR,88,106,0.8301886792452831,427,82,60,1.2809315323985255,1.7245872355596816,1.336143425078444,-0.5058332165555656,0,1
MHL,2023,105,6,WPR,199,216,0.9212962962962963,928,178,60,1.5789193526541516,4.637824190996473,3.5716617754745767,-0.5058332165555656,0,1
MRT,2012,114,1,AFR,987,1450,0.6806896551724138,125,27,58,-1.6989466701577367,-0.03149571961379313,0.05537770349732633,-0.6368474673869,7.3,NA
MRT,2013,114,1,AFR,1526,2137,0.71408516612073,118,29,50,-1.4009588499021106,-0.0721996291707942,0.10195100246391244,-1.1609044707122378,6.7,NA
MRT,2014,114,1,AFR,1696,2420,0.7008264462809918,112,24,56,-1.1029710296464843,-0.10708869450536655,-0.014482244952552814,-0.7678617182182345,6,NA
MRT,2015,114,1,AFR,1537,2166,0.7096029547553093,107,25,51,-0.8049832093908581,-0.13616291561751018,0.008804404530740235,-1.0953973452965706,5.3,NA
MRT,2016,114,1,AFR,1751,2511,0.697331740342493,102,22,57,-0.5069953891352319,-0.1652371367296538,-0.061055543919138915,-0.7023545928025672,4.8,NA
MRT,2017,114,1,AFR,1857,2427,0.765142150803461,98,19,60,-0.20900756887960567,-0.1884965136193687,-0.13091549236901806,-0.5058332165555656,4.4,NA
MRT,2018,114,1,AFR,1949,2416,0.8067052980132451,94,19,59,0.08898025137602054,-0.21175589050908358,-0.13091549236901806,-0.5713403419712327,4,NA
MRT,2019,114,1,AFR,2061,2529,0.8149466192170819,89,16,63,0.38696807163164676,-0.24083011162122722,-0.2007754408188972,-0.3093118403085639,3.7,NA
MRT,2020,114,1,AFR,1804,2409,0.7488584474885844,84,16,61,0.684955891887273,-0.26990433273337083,-0.2007754408188972,-0.44032609113989835,3.7,1
MRT,2021,114,1,AFR,2012,2438,0.8252666119770303,79,14,65,0.9829437121428992,-0.29897855384551447,-0.2473487397854833,-0.17829758947722946,3.7,1
MRT,2022,114,1,AFR,2098,2501,0.8388644542183127,75,12,68,1.2809315323985255,-0.3222379307352294,-0.2939220387520694,0.018223786769772203,1.7,1
MUS,2012,115,1,AFR,116,128,0.90625,17,1.8,57,-1.6989466701577367,-0.6594988956360954,-0.5314458634816585,-0.7023545928025672,7.7,NA
MUS,2013,115,1,AFR,115,130,0.8846153846153846,17,2.5,59,-1.4009588499021106,-0.6594988956360954,-0.5151452088433534,-0.5713403419712327,17,NA
MUS,2014,115,1,AFR,113,126,0.8968253968253969,16,2.1,61,-1.1029710296464843,-0.6653137398585242,-0.5244598686366706,-0.44032609113989835,11,NA
MUS,2015,115,1,AFR,117,128,0.9140625,16,1.8,63,-0.8049832093908581,-0.6653137398585242,-0.5314458634816585,-0.3093118403085639,11,NA
MUS,2016,115,1,AFR,108,121,0.8925619834710744,15,2.1,64,-0.5069953891352319,-0.6711285840809529,-0.5244598686366706,-0.24380471489289668,14,NA
MUS,2017,115,1,AFR,104,118,0.8813559322033898,14,2.5,65,-0.20900756887960567,-0.6769434283033815,-0.5151452088433534,-0.17829758947722946,18,NA
MUS,2018,115,1,AFR,106,131,0.8091603053435115,16,2.4,65,0.08898025137602054,-0.6653137398585242,-0.5174738737916827,-0.17829758947722946,22,NA
MUS,2019,115,1,AFR,94,119,0.7899159663865546,14,2.6,65,0.38696807163164676,-0.6769434283033815,-0.5128165438950241,-0.17829758947722946,26,NA
MUS,2020,115,1,AFR,86,103,0.8349514563106796,12,1.4,65,0.684955891887273,-0.688573116748239,-0.5407605232749758,-0.17829758947722946,18,1
MUS,2021,115,1,AFR,74,91,0.8131868131868132,11,1.3,65,0.9829437121428992,-0.6943879609706677,-0.543089188223305,-0.17829758947722946,13,1
MUS,2022,115,1,AFR,79,120,0.6583333333333333,15,2.4,65,1.2809315323985255,-0.6711285840809529,-0.5174738737916827,-0.17829758947722946,17,1
MUS,2023,115,1,AFR,67,103,0.6504854368932039,12,1.9,65,1.5789193526541516,-0.688573116748239,-0.5291171985333293,-0.17829758947722946,17,1
MEX,2012,104,2,AMR,16622,20661,0.8045109142829485,26,2.7,67,-1.6989466701577367,-0.6071652976342369,-0.5104878789466948,-0.04728333864589502,8.1,NA
MEX,2013,104,2,AMR,16646,20708,0.8038439250531195,26,2.7,68,-1.4009588499021106,-0.6071652976342369,-0.5104878789466948,0.018223786769772203,7.5,NA
MEX,2014,104,2,AMR,16909,21193,0.7978577832303119,25,2.5,70,-1.1029710296464843,-0.6129801418566656,-0.5151452088433534,0.14923803760110665,6.9,NA
MEX,2015,104,2,AMR,17239,21600,0.7981018518518519,25,2.7,72,-0.8049832093908581,-0.6129801418566656,-0.5104878789466948,0.2802522884324411,11,NA
MEX,2016,104,2,AMR,17528,22193,0.7897985851394584,25,2.7,72,-0.5069953891352319,-0.6129801418566656,-0.5104878789466948,0.2802522884324411,13,NA
MEX,2017,104,2,AMR,17490,22757,0.7685547304126203,25,2.6,73,-0.20900756887960567,-0.6129801418566656,-0.5128165438950241,0.3457594138481083,12,NA
MEX,2018,104,2,AMR,17710,23271,0.7610330454213399,26,2.4,73,0.08898025137602054,-0.6071652976342369,-0.5174738737916827,0.3457594138481083,9.6,NA
MEX,2019,104,2,AMR,16798,23266,0.7219977649789392,26,2.7,73,0.38696807163164676,-0.6071652976342369,-0.5104878789466948,0.3457594138481083,12,NA
MEX,2020,104,2,AMR,12301,17241,0.7134736964213213,26,3.1,53,0.684955891887273,-0.6071652976342369,-0.5011732191533775,-0.9643830944652361,13,1
MEX,2021,104,2,AMR,15087,21124,0.7142113236129521,27,3,64,0.9829437121428992,-0.6013504534118082,-0.5035018841017068,-0.24380471489289668,13,1
MEX,2022,104,2,AMR,17516,24928,0.7026636713735558,27,3.7,73,1.2809315323985255,-0.6013504534118082,-0.4872012294634017,0.3457594138481083,12,1
MEX,2023,104,2,AMR,18276,26327,0.6941922740912372,28,2.9,75,1.5789193526541516,-0.5955356091893794,-0.5058305490500362,0.47677366467944277,11,1
FSM,2014,56,6,WPR,156,166,0.9397590361445783,391,99,44,-1.1029710296464843,1.5152528435522477,1.732016466294426,-1.553947223206241,0,NA
FSM,2015,56,6,WPR,86,107,0.8037383177570093,214,54,45,-0.8049832093908581,0.48602541618236333,0.6841172395462387,-1.4884400977905738,0,NA
FSM,2016,56,6,WPR,131,145,0.903448275862069,293,71,47,-0.5069953891352319,0.9453981097542326,1.0799902807622206,-1.3574258469592395,0,NA
FSM,2017,56,6,WPR,122,139,0.8776978417266187,262,62,48,-0.20900756887960567,0.7651379388589421,0.8704104354125831,-1.2919187215435721,0,NA
FSM,2018,56,6,WPR,91,98,0.9285714285714286,187,45,47,0.08898025137602054,0.3290246221767878,0.47453739419660124,-1.3574258469592395,0,NA
FSM,2019,56,6,WPR,74,91,0.8131868131868132,180,44,46,0.38696807163164676,0.2883207126197867,0.45125074471330817,-1.4229329723749067,0,NA
FSM,2020,56,6,WPR,72,92,0.782608695652174,178,44,47,0.684955891887273,0.27669102417492925,0.45125074471330817,-1.3574258469592395,0,1
FSM,2021,56,6,WPR,66,72,0.9166666666666666,137,33,47,0.9829437121428992,0.03828241105535156,0.19509760039708463,-1.3574258469592395,0,1
FSM,2023,56,6,WPR,185,211,0.8767772511848341,397,96,47,1.5789193526541516,1.55014190888682,1.6621565178445468,-1.3574258469592395,0.48,1
MNG,2012,111,6,WPR,3578,4049,0.8836749814769079,428,12,34,-1.6989466701577367,1.7304020797821105,-0.2939220387520694,-2.209018477362913,0.12,NA
MNG,2013,111,6,WPR,3742,4220,0.8867298578199052,428,12,35,-1.4009588499021106,1.7304020797821105,-0.2939220387520694,-2.143511351947246,0.14,NA
MNG,2014,111,6,WPR,3860,4483,0.8610305598929289,428,12,36,-1.1029710296464843,1.7304020797821105,-0.2939220387520694,-2.078004226531579,0.23,NA
MNG,2015,111,6,WPR,3978,4685,0.8490928495197438,428,11,37,-0.8049832093908581,1.7304020797821105,-0.31720868823536247,-2.012497101115912,0.16,NA
MNG,2016,111,6,WPR,3687,4083,0.9030124908155768,428,11,34,-0.5069953891352319,1.7304020797821105,-0.31720868823536247,-2.209018477362913,0.24,NA
MNG,2017,111,6,WPR,3640,4002,0.9095452273863068,428,11,32,-0.20900756887960567,1.7304020797821105,-0.31720868823536247,-2.340032728194248,0.18,NA
MNG,2018,111,6,WPR,3298,3644,0.9050493962678375,428,11,29,0.08898025137602054,1.7304020797821105,-0.31720868823536247,-2.5365541044412496,0.11,NA
MNG,2019,111,6,WPR,3600,4111,0.8756993432254926,428,10,31,0.38696807163164676,1.7304020797821105,-0.3404953377186555,-2.405539853609915,0.12,NA
MNG,2020,111,6,WPR,3333,3710,0.8983827493261456,418,10,28,0.684955891887273,1.6722536375578232,-0.3404953377186555,-2.6020612298569166,0.12,1
MNG,2021,111,6,WPR,2317,2584,0.896671826625387,421,11,19,0.9829437121428992,1.6896981702251093,-0.31720868823536247,-3.1916253585979217,0.09,1
MNG,2022,111,6,WPR,2319,2670,0.8685393258426967,440,12,19,1.2809315323985255,1.800180210451255,-0.2939220387520694,-3.1916253585979217,0,1
MNG,2023,111,6,WPR,2339,2836,0.82475317348378,448,11,19,1.5789193526541516,1.8466989642306848,-0.31720868823536247,-3.1916253585979217,0.11,1
MNE,2012,110,4,EUR,90,107,0.8411214953271028,24,0.2,65,-1.6989466701577367,-0.6187949860790943,-0.5687045026549274,-0.17829758947722946,0,NA
MNE,2014,110,4,EUR,101,113,0.8938053097345132,27,0.2,66,-1.1029710296464843,-0.6013504534118082,-0.5687045026549274,-0.11279046406156223,0,NA
MNE,2015,110,4,EUR,74,80,0.925,19,0.28,67,-0.8049832093908581,-0.647869207191238,-0.566841570696264,-0.04728333864589502,1.4,NA
MNE,2016,110,4,EUR,70,87,0.8045977011494253,20,0.2,68,-0.5069953891352319,-0.6420543629688092,-0.5687045026549274,0.018223786769772203,0,NA
MNE,2017,110,4,EUR,65,75,0.8666666666666667,17,0.2,70,-0.20900756887960567,-0.6594988956360954,-0.5687045026549274,0.14923803760110665,0,NA
MNE,2018,110,4,EUR,77,81,0.9506172839506173,19,0.27,71,0.08898025137602054,-0.647869207191238,-0.5670744371910968,0.21474516301677388,1.2,NA
MNE,2019,110,4,EUR,78,82,0.9512195121951219,18,0.2,71,0.38696807163164676,-0.6536840514136667,-0.5687045026549274,0.21474516301677388,0,NA
MNE,2021,110,4,EUR,75,80,0.9375,17,0.2,77,0.9829437121428992,-0.6594988956360954,-0.5687045026549274,0.6077879155107772,0,1
MNE,2022,110,4,EUR,66,71,0.9295774647887324,17,0.2,68,1.2809315323985255,-0.6594988956360954,-0.5687045026549274,0.018223786769772203,3,1
MNE,2023,110,4,EUR,55,62,0.8870967741935484,17,0.19,59,1.5789193526541516,-0.6594988956360954,-0.5689373691497603,-0.5713403419712327,3.2,1
MAR,2012,100,3,EMR,25418,28705,0.8854903326946525,97,7.2,89,-1.6989466701577367,-0.19431135784179743,-0.40569795627187605,1.393873420498784,0.64,NA
MAR,2013,100,3,EMR,25979,29144,0.8914013175953884,97,7.4,89,-1.4009588499021106,-0.19431135784179743,-0.40104062637521737,1.393873420498784,1.7,NA
MAR,2014,100,3,EMR,25753,29992,0.8586623099493198,99,7.5,89,-1.1029710296464843,-0.18268166939693997,-0.39871196142688814,1.393873420498784,1.6,NA
MAR,2015,100,3,EMR,27019,30636,0.8819362841101972,100,7.5,89,-0.8049832093908581,-0.17686682517451124,-0.39871196142688814,1.393873420498784,1.5,NA
MAR,2016,100,3,EMR,27282,31469,0.8669484254345546,101,7.7,89,-0.5069953891352319,-0.17105198095208252,-0.3940546315302295,1.393873420498784,1.4,NA
MAR,2017,100,3,EMR,27101,30772,0.8807032367086962,98,7.4,89,-0.20900756887960567,-0.1884965136193687,-0.40104062637521737,1.393873420498784,1.3,NA
MAR,2018,100,3,EMR,27406,30977,0.884720921974368,97,7.4,89,0.08898025137602054,-0.19431135784179743,-0.40104062637521737,1.393873420498784,1.2,NA
MAR,2019,100,3,EMR,27299,30762,0.8874260451206033,96,7.2,89,0.38696807163164676,-0.20012620206422616,-0.40569795627187605,1.393873420498784,1.2,NA
MAR,2020,100,3,EMR,25644,29018,0.8837273416500103,89,6.7,89,0.684955891887273,-0.24083011162122722,-0.4173412810135226,1.393873420498784,1.2,0
MAR,2021,100,3,EMR,25636,29327,0.8741432809356565,89,6.7,89,0.9829437121428992,-0.24083011162122722,-0.4173412810135226,1.393873420498784,1.2,1
MAR,2022,100,3,EMR,26613,30503,0.8724715601744091,92,6.9,89,1.2809315323985255,-0.22338557895394104,-0.4126839511168639,1.393873420498784,1.2,1
MAR,2023,100,3,EMR,28074,32429,0.8657066206173487,97,7.3,89,1.5789193526541516,-0.19431135784179743,-0.4033692913235467,1.393873420498784,1.2,1
MOZ,2014,113,1,AFR,49558,55703,0.8896827818968458,361,99,62,-1.1029710296464843,1.3408075168793858,1.732016466294426,-0.3748189657242311,52,NA
MOZ,2015,113,1,AFR,51098,58344,0.8758055669820376,361,100,61,-0.8049832093908581,1.3408075168793858,1.755303115777719,-0.44032609113989835,51,NA
MOZ,2016,113,1,AFR,63622,70510,0.9023117288327897,361,73,73,-0.5069953891352319,1.3408075168793858,1.1265635797288067,0.3457594138481083,44,NA
MOZ,2017,113,1,AFR,74572,82674,0.9020006289764617,361,51,84,-0.20900756887960567,1.3408075168793858,0.6142572910963595,1.0663377934204477,40,NA
MOZ,2018,113,1,AFR,84169,90947,0.925473077726588,361,41,88,0.08898025137602054,1.3408075168793858,0.38139079626342903,1.3283662950831165,36,NA
MOZ,2019,113,1,AFR,86866,92117,0.9429964067435979,361,39,89,0.38696807163164676,1.3408075168793858,0.3348174972968429,1.393873420498784,34,NA
MOZ,2020,113,1,AFR,86417,91948,0.9398464349414887,361,40,87,0.684955891887273,1.3408075168793858,0.35810414678013597,1.2628591696674494,27,0
MOZ,2021,113,1,AFR,90897,96311,0.943786275710978,361,41,86,0.9829437121428992,1.3408075168793858,0.38139079626342903,1.1973520442517822,25,0
MOZ,2022,113,1,AFR,103817,109287,0.9499483012618152,361,28,93,1.2809315323985255,1.3408075168793858,0.07866435298061938,1.6559019221614528,25,0
MOZ,2023,113,1,AFR,94486,99878,0.9460141372474419,361,23,96,1.5789193526541516,1.3408075168793858,-0.037768894435845864,1.8524232984084543,23,0
MMR,2014,109,5,SEA,117986,135984,0.8676461936698435,411,76,66,-1.1029710296464843,1.631549728000822,1.196423528178686,-0.11279046406156223,11,NA
MMR,2015,109,5,SEA,119054,136201,0.8741051827813305,391,68,69,-0.8049832093908581,1.5152528435522477,1.0101303323123414,0.08373091218543942,8.9,NA
MMR,2016,109,5,SEA,119426,136221,0.8767077029239251,372,61,72,-0.5069953891352319,1.4047708033261017,0.84712378592929,0.2802522884324411,9.5,NA
MMR,2017,109,5,SEA,110500,126746,0.871822384927335,355,59,71,-0.20900756887960567,1.3059184515448135,0.800550486962704,0.21474516301677388,8.7,NA
MMR,2018,109,5,SEA,116494,133109,0.8751774861203976,338,46,78,0.08898025137602054,1.2070660997635252,0.49782404367989425,0.6732950409264444,8.5,NA
MMR,2019,109,5,SEA,114157,130068,0.8776716794292216,322,42,79,0.38696807163164676,1.1140285922046655,0.4046774457467221,0.7388021663421116,7.8,NA
MMR,2020,109,5,SEA,63617,72721,0.8748092022936979,316,47,62,0.684955891887273,1.0791395268700932,0.5211106931631874,-0.3748189657242311,8.5,0
MMR,2021,109,5,SEA,60939,69952,0.871154505946935,353,68,34,0.9829437121428992,1.294288763099956,1.0101303323123414,-2.209018477362913,7.1,0
MMR,2022,109,5,SEA,103059,116718,0.8829743484295481,434,82,51,1.2809315323985255,1.7652911451166828,1.336143425078444,-1.0953973452965706,6,0
MMR,2023,109,5,SEA,105803,125594,0.8424208162810325,482,76,50,1.5789193526541516,2.0444036677932615,1.196423528178686,-1.1609044707122378,6.6,1
NAM,2015,118,1,AFR,7955,9614,0.8274391512377782,639,153,63,-0.8049832093908581,2.9573342107145715,2.9894955383922506,-0.3093118403085639,40,NA
NAM,2016,118,1,AFR,7471,8857,0.8435136050581461,604,152,60,-0.5069953891352319,2.753814662929566,2.9662088889089575,-0.5058332165555656,38,NA
NAM,2017,118,1,AFR,7369,8559,0.86096506601238465,565,138,61,-0.20900756887960567,2.527035738254846,2.640195796142855,-0.44032609113989835,36,NA
NAM,2018,118,1,AFR,6654,7777,0.8555998456988556,524,133,58,0.08898025137602054,2.288627125135268,2.5237625487263897,-0.6368474673869,35,NA
NAM,2019,118,1,AFR,6483,7494,0.8650920736589272,486,114,61,0.38696807163164676,2.0676630446829765,2.0813162085438215,-0.44032609113989835,32,NA
NAM,2020,118,1,AFR,5567,6312,0.8819708491761724,450,107,53,0.684955891887273,1.8583286526755423,1.9183096621607703,-0.9643830944652361,33,1
NAM,2021,118,1,AFR,5611,6464,0.8680383663366337,441,105,54,0.9829437121428992,1.8059950546736838,1.8717363631941843,-0.8988759690495689,33,1
NAM,2022,118,1,AFR,7334,8374,0.8758060663959876,441,103,68,1.2809315323985255,1.8059950546736838,1.8251630642275982,0.018223786769772203,32,1
NAM,2023,118,1,AFR,7908,8994,0.8792528352234823,432,97,72,1.5789193526541516,1.7536614566718254,1.6854431673278398,0.2802522884324411,31,1
NPL,2012,125,5,SEA,31185,34350,0.9078602620087336,293,76,44,-1.6989466701577367,0.9453981097542326,1.196423528178686,-1.553947223206241,3.3,NA
NPL,2013,125,5,SEA,30883,33877,0.9116214540838917,284,74,43,-1.4009588499021106,0.8930645117523741,1.1498502292120998,-1.6194543486219084,3.1,NA
NPL,2014,125,5,SEA,31888,34764,0.9172707398458175,276,68,46,-1.1029710296464843,0.8465457579729443,1.0101303323123414,-1.4229329723749067,2.9,NA
NPL,2015,125,5,SEA,29843,32459,0.9194060199020303,268,67,45,-0.8049832093908581,0.8000270041935145,0.9868436828290483,-1.4884400977905738,2.6,NA
NPL,2016,125,5,SEA,27919,30601,0.9123558053658377,260,66,43,-0.5069953891352319,0.7535082504140846,0.9635570333457554,-1.6194543486219084,1.1,NA
NPL,2017,125,5,SEA,28472,31219,0.9120087126429418,253,64,44,-0.20900756887960567,0.7128043408570836,0.9169837343791692,-1.553947223206241,1.1,NA
NPL,2020,125,5,SEA,24571,26909,0.9131145713330112,228,59,41,0.684955891887273,0.5674332352963655,0.800550486962704,-1.7504685994532427,0.72,0
NPL,2021,125,5,SEA,25631,27980,0.9160471765546819,230,59,42,0.9829437121428992,0.5790629237412229,0.800550486962704,-1.6849614740375756,0.79,1
NPL,2022,125,5,SEA,34231,37003,0.9250871550955327,234,58,54,1.2809315323985255,0.6023223006309378,0.777263837479411,-0.8988759690495689,0.77,1
NPL,2023,125,5,SEA,33603,36396,0.923260797889878,231,54,54,1.5789193526541516,0.5848777679636517,0.6841172395462387,-0.8988759690495689,0.63,1
NLD,2012,123,4,EUR,770,924,0.8333333333333334,6.3,0.25,87,-1.6989466701577367,-0.7217177288160828,-0.5675401701807627,1.2628591696674494,3.6,NA
NLD,2013,123,4,EUR,722,816,0.8848039215686274,5.6,0.27,87,-1.4009588499021106,-0.7257881197717829,-0.5670744371910968,1.2628591696674494,3.2,NA
NLD,2014,123,4,EUR,674,796,0.8467336683417085,5.5,0.24,87,-1.1029710296464843,-0.7263696041940257,-0.5677730366755958,1.2628591696674494,3.1,NA
NLD,2015,123,4,EUR,723,837,0.8637992831541219,5.7,0.25,87,-0.8049832093908581,-0.72520663534954,-0.5675401701807627,1.2628591696674494,3,NA
NLD,2016,123,4,EUR,747,864,0.8645833333333334,5.9,0.21,87,-0.5069953891352319,-0.7240436665050541,-0.5684716361600944,1.2628591696674494,3.4,NA
NLD,2017,123,4,EUR,660,762,0.8661417322834646,5.2,0.18,87,-0.20900756887960567,-0.7281140574607543,-0.5691702356445932,1.2628591696674494,4.3,NA
NLD,2018,123,4,EUR,664,775,0.8567741935483871,5.2,0.2,87,0.08898025137602054,-0.7281140574607543,-0.5687045026549274,1.2628591696674494,3.9,NA
NLD,2019,123,4,EUR,630,730,0.863013698630137,4.9,0.14,87,0.38696807163164676,-0.7298585107274829,-0.5701017016239249,1.2628591696674494,3.4,NA
NLD,2020,123,4,EUR,499,601,0.8302828618968386,4,0.21,87,0.684955891887273,-0.7350918705276688,-0.5684716361600944,1.2628591696674494,3.1,1
NLD,2021,123,4,EUR,539,659,0.8179059180576631,4.4,0.14,87,0.9829437121428992,-0.7327659328386973,-0.5701017016239249,1.2628591696674494,2.9,1
NLD,2023,123,4,EUR,531,676,0.7855029585798816,4.5,0.14,87,1.5789193526541516,-0.7321844484164545,-0.5701017016239249,1.2628591696674494,4.1,1
NCL,2015,119,6,WPR,14,54,0.25925925925925924,32,5.8,62,-0.8049832093908581,-0.5722762322996645,-0.4382992655484863,-0.3748189657242311,NA,NA
NZL,2012,126,6,WPR,232,288,0.8055555555555556,8.1,0.25,82,-1.6989466701577367,-0.711251009215711,-0.5675401701807627,0.9353235425891133,1.7,NA
NZL,2013,126,6,WPR,226,269,0.8401486988847584,7.4,0.27,83,-1.4009588499021106,-0.7153214001714111,-0.5670744371910968,1.0008306680047805,0,NA
NZL,2014,126,6,WPR,242,296,0.8175675675675675,7.9,0.3,84,-1.1029710296464843,-0.7124139780601968,-0.566375837706598,1.0663377934204477,0.91,NA
NZL,2015,126,6,WPR,231,288,0.8020833333333334,7.5,0.46,84,-0.8049832093908581,-0.7147399157491683,-0.5626499737892712,1.0663377934204477,0.42,NA
NZL,2016,126,6,WPR,247,295,0.8372881355932204,7.4,0.27,85,-0.5069953891352319,-0.7153214001714111,-0.5670744371910968,1.131844918836115,0.88,NA
NZL,2017,126,6,WPR,248,302,0.8211920529801324,7.3,0.24,86,-0.20900756887960567,-0.715902884593654,-0.5677730366755958,1.1973520442517822,0.39,NA
NZL,2018,126,6,WPR,253,301,0.840531561461794,7.2,0.23,85,0.08898025137602054,-0.7164843690158968,-0.5680059031704285,1.131844918836115,0.39,NA
NZL,2019,126,6,WPR,259,311,0.8327974276527331,7.4,0.27,85,0.38696807163164676,-0.7153214001714111,-0.5670744371910968,1.131844918836115,0.7,NA
NZL,2020,126,6,WPR,279,313,0.8913738019169329,7.3,0.27,85,0.684955891887273,-0.715902884593654,-0.5670744371910968,1.131844918836115,0.68,1
NZL,2021,126,6,WPR,262,302,0.8675496688741722,7,0.28,85,0.9829437121428992,-0.7176473378603826,-0.566841570696264,1.131844918836115,1,1
NZL,2022,126,6,WPR,230,265,0.8679245283018868,6.1,0.27,85,1.2809315323985255,-0.7228806976605685,-0.5670744371910968,1.131844918836115,0.76,1
NZL,2023,126,6,WPR,233,305,0.7639344262295082,6.7,0.27,85,1.5789193526541516,-0.7193917911271113,-0.5670744371910968,1.131844918836115,0.34,1
NIC,2014,122,2,AMR,1336,1577,0.8471781864299303,65,2.4,67,-1.1029710296464843,-0.3803863729595166,-0.5174738737916827,-0.04728333864589502,3.9,NA
NIC,2015,122,2,AMR,2152,2464,0.8733766233766234,59,2.9,68,-0.8049832093908581,-0.41527543829408897,-0.5058305490500362,0.018223786769772203,5,NA
NIC,2016,122,2,AMR,2020,2339,0.8636169303120992,54,2.7,69,-0.5069953891352319,-0.44434965940623256,-0.5104878789466948,0.08373091218543942,4.7,NA
NIC,2017,122,2,AMR,1944,2255,0.8620842572062084,51,2.6,71,-0.20900756887960567,-0.46179419207351874,-0.5128165438950241,0.21474516301677388,4.8,NA
NIC,2018,122,2,AMR,1832,2109,0.8686581318160266,46,2.3,71,0.08898025137602054,-0.4908684131856624,-0.5198025387400119,0.21474516301677388,5.4,NA
NIC,2019,122,2,AMR,1972,2248,0.8772241992882562,49,2.2,71,0.38696807163164676,-0.4734238805183762,-0.5221312036883413,0.21474516301677388,4.9,NA
NIC,2020,122,2,AMR,1627,1886,0.8626723223753977,47,2.3,60,0.684955891887273,-0.48505356896323365,-0.5198025387400119,-0.5058332165555656,5.7,1
NIC,2021,122,2,AMR,1603,1836,0.8730936819172114,46,2.1,60,0.9829437121428992,-0.4908684131856624,-0.5244598686366706,-0.5058332165555656,5.3,1
NIC,2022,122,2,AMR,1818,2102,0.8648905803996194,45,2.5,69,1.2809315323985255,-0.4966832574080911,-0.5151452088433534,0.08373091218543942,6.2,1
NER,2014,120,1,AFR,8526,10815,0.7883495145631068,104,24,54,-1.1029710296464843,-0.15360744828479636,-0.014482244952552814,-0.8988759690495689,6.9,NA
NER,2015,120,1,AFR,8249,10323,0.7990894119926378,98,22,53,-0.8049832093908581,-0.1884965136193687,-0.061055543919138915,-0.9643830944652361,5.4,NA
NER,2016,120,1,AFR,8034,9921,0.8097973994557001,93,22,52,-0.5069953891352319,-0.2175707347315123,-0.061055543919138915,-1.0298902198809032,5,NA
NER,2017,120,1,AFR,8549,10409,0.82130848304352,88,19,55,-0.20900756887960567,-0.24664495584365595,-0.13091549236901806,-0.8333688436339016,4.3,NA
NER,2018,120,1,AFR,8797,10625,0.8279529411764706,84,18,57,0.08898025137602054,-0.26990433273337083,-0.1542021418523111,-0.7023545928025672,4,NA
NER,2019,120,1,AFR,9490,11417,0.8312166068143996,82,16,61,0.38696807163164676,-0.2815340211782283,-0.2007754408188972,-0.44032609113989835,3.6,NA
NER,2020,120,1,AFR,9437,11195,0.8429656096471639,81,16,59,0.684955891887273,-0.287348865400657,-0.2007754408188972,-0.5713403419712327,3.7,1
NER,2021,120,1,AFR,10937,12791,0.8550543350793527,80,14,65,0.9829437121428992,-0.29316370962308574,-0.2473487397854833,-0.17829758947722946,3.2,1
NER,2022,120,1,AFR,12174,14214,0.856479527226678,81,13,69,1.2809315323985255,-0.287348865400657,-0.27063538926877634,0.08373091218543942,3,1
NER,2023,120,1,AFR,13568,15484,0.8762593645052957,83,12,71,1.5789193526541516,-0.27571917695579956,-0.2939220387520694,0.21474516301677388,2.6,1
NGA,2014,121,1,AFR,74824,86464,0.8653774981495189,219,87,21,-1.1029710296464843,0.5150996372945069,1.4525766724949094,-3.0606111077665874,19,NA
NGA,2015,121,1,AFR,73071,87211,0.8378644895712697,219,86,21,-0.8049832093908581,0.5150996372945069,1.4292900230116163,-3.0606111077665874,17,NA
NGA,2016,121,1,AFR,83626,97240,0.8599958864664747,219,83,23,-0.5069953891352319,0.5150996372945069,1.3594300745617371,-2.9295968569352526,16,NA
NGA,2017,121,1,AFR,87643,101734,0.8614917333438182,219,81,23,-0.20900756887960567,0.5150996372945069,1.312856775595151,-2.9295968569352526,14,NA
NGA,2018,121,1,AFR,90075,103921,0.866764176634174,219,81,23,0.08898025137602054,0.5150996372945069,1.312856775595151,-2.9295968569352526,12,NA
NGA,2019,121,1,AFR,103029,117150,0.8794622279129322,219,77,26,0.38696807163164676,0.5150996372945069,1.219710177661979,-2.733075480688251,11,NA
NGA,2020,121,1,AFR,121778,135784,0.8968508808106993,219,73,29,0.684955891887273,0.5150996372945069,1.1265635797288067,-2.5365541044412496,7.6,0
NGA,2021,121,1,AFR,186022,204725,0.908643301990475,219,60,43,0.9829437121428992,0.5150996372945069,0.823837136445997,-1.6194543486219084,5.9,1
NGA,2022,121,1,AFR,261859,282184,0.9279725285629234,219,46,58,1.2809315323985255,0.5150996372945069,0.49782404367989425,-0.6368474673869,5.7,0
NGA,2023,121,1,AFR,345248,367250,0.9400898570456092,219,31,74,1.5789193526541516,0.5150996372945069,0.14852430143049852,0.41126653926377554,4.9,1
MKD,2012,106,4,EUR,298,346,0.861271676300578,26,1.2,65,-1.6989466701577367,-0.6071652976342369,-0.5454178531716344,-0.17829758947722946,0.32,NA
MKD,2013,106,4,EUR,287,317,0.9053627760252366,23,1,67,-1.4009588499021106,-0.6246098303015231,-0.550075183068293,-0.04728333864589502,0,NA
MKD,2014,106,4,EUR,244,281,0.8683274021352313,20,1.2,69,-1.1029710296464843,-0.6420543629688092,-0.5454178531716344,0.08373091218543942,0.58,NA
MKD,2015,106,4,EUR,243,282,0.8617021276595744,20,0.93,71,-0.8049832093908581,-0.6420543629688092,-0.5517052485321234,0.21474516301677388,0,NA
MKD,2016,106,4,EUR,232,263,0.8821292775665399,18,1.4,73,-0.5069953891352319,-0.6536840514136667,-0.5407605232749758,0.3457594138481083,0,NA
MKD,2017,106,4,EUR,193,219,0.8812785388127854,15,0.56,74,-0.20900756887960567,-0.6711285840809529,-0.5603213088409419,0.41126653926377554,0,NA
MKD,2018,106,4,EUR,187,214,0.8738317757009346,15,1.2,74,0.08898025137602054,-0.6711285840809529,-0.5454178531716344,0.41126653926377554,0.45,NA
MKD,2019,106,4,EUR,177,199,0.8894472361809045,14,0.46,73,0.38696807163164676,-0.6769434283033815,-0.5626499737892712,0.3457594138481083,0.66,NA
MKD,2020,106,4,EUR,125,148,0.8445945945945946,10,1.1,74,0.684955891887273,-0.7002028051930964,-0.5477465181199636,0.41126653926377554,0.66,1
MKD,2021,106,4,EUR,115,146,0.7876712328767124,10,0.67,75,0.9829437121428992,-0.7002028051930964,-0.5577597773977796,0.47677366467944277,0.66,1
MKD,2022,106,4,EUR,92,137,0.6715328467153284,10,0.59,75,1.2809315323985255,-0.7002028051930964,-0.5596227093564431,0.47677366467944277,0.66,0
MKD,2023,106,4,EUR,119,151,0.7880794701986755,11,0.68,75,1.5789193526541516,-0.6943879609706677,-0.5575269109029467,0.47677366467944277,0.66,0
MNP,2019,112,6,WPR,44,51,0.8627450980392157,164,28,64,0.38696807163164676,0.1952832050609271,0.07866435298061938,-0.24380471489289668,0,NA
NOR,2012,124,4,EUR,267,336,0.7946428571428571,8,0.48,85,-1.6989466701577367,-0.7118324936379539,-0.5621842407996053,1.131844918836115,2.5,NA
NOR,2013,124,4,EUR,316,357,0.8851540616246498,8.3,0.44,86,-1.4009588499021106,-0.7100880403712253,-0.5631157067789371,1.1973520442517822,2.3,NA
NOR,2014,124,4,EUR,247,293,0.8430034129692833,6.9,0.28,86,-1.1029710296464843,-0.7182288222826254,-0.566841570696264,1.1973520442517822,2.2,NA
NOR,2015,124,4,EUR,243,276,0.8804347826086957,6.4,0.25,86,-0.8049832093908581,-0.7211362443938398,-0.5675401701807627,1.1973520442517822,2.1,NA
NOR,2016,124,4,EUR,230,262,0.8778625954198473,6.1,0.39,87,-0.5069953891352319,-0.7228806976605685,-0.5642800392531017,1.2628591696674494,3.9,NA
NOR,2017,124,4,EUR,207,228,0.9078947368421053,5.2,0.28,87,-0.20900756887960567,-0.7281140574607543,-0.566841570696264,1.2628591696674494,2.2,NA
NOR,2018,124,4,EUR,153,182,0.8406593406593407,4.1,0.19,87,0.08898025137602054,-0.734510386105426,-0.5689373691497603,1.2628591696674494,3.8,NA
NOR,2019,124,4,EUR,126,149,0.8456375838926175,3.3,0.31,87,0.38696807163164676,-0.7391622614833689,-0.5661429712117652,1.2628591696674494,4.7,NA
NOR,2020,124,4,EUR,125,141,0.8865248226950354,3.1,0.16,87,0.684955891887273,-0.7403252303278547,-0.5696359686342591,1.2628591696674494,4.7,1
NOR,2021,124,4,EUR,112,129,0.8682170542635659,3,0.22,88,0.9829437121428992,-0.7409067147500975,-0.5682387696652615,1.3283662950831165,4.7,1
NOR,2022,124,4,EUR,117,142,0.823943661971831,3.2,0.11,88,1.2809315323985255,-0.7397437459056118,-0.5708003011084237,1.3283662950831165,3.3,1
NOR,2023,124,4,EUR,101,121,0.8347107438016529,2.8,0.08,88,1.5789193526541516,-0.7420696835945833,-0.5714989005929226,1.3283662950831165,2.4,1
OMN,2012,127,3,EMR,369,382,0.9659685863874345,16,0.69,66,-1.6989466701577367,-0.6653137398585242,-0.5572940444081138,-0.11279046406156223,3.7,NA
OMN,2013,127,3,EMR,318,330,0.9636363636363636,13,0.52,66,-1.4009588499021106,-0.6827582725258102,-0.5612527748202736,-0.11279046406156223,1.5,NA
OMN,2014,127,3,EMR,344,358,0.9608938547486033,13,0.47,67,-1.1029710296464843,-0.6827582725258102,-0.5624171072944383,-0.04728333864589502,0.84,NA
OMN,2015,127,3,EMR,287,327,0.8776758409785933,12,0.46,67,-0.8049832093908581,-0.688573116748239,-0.5626499737892712,-0.04728333864589502,1.2,NA
OMN,2016,127,3,EMR,174,342,0.5087719298245614,12,0.53,68,-0.5069953891352319,-0.688573116748239,-0.5610199083254407,0.018223786769772203,3.5,NA
OMN,2017,127,3,EMR,138,268,0.5149253731343284,8.7,0.42,69,-0.20900756887960567,-0.7077621026822538,-0.5635814397686029,0.08373091218543942,1.1,NA
OMN,2018,127,3,EMR,127,245,0.5183673469387755,7.7,0.43,69,0.08898025137602054,-0.7135769469046825,-0.56334857327377,0.08373091218543942,2.5,NA
OMN,2019,127,3,EMR,174,364,0.47802197802197804,11,0.46,70,0.38696807163164676,-0.6943879609706677,-0.5626499737892712,0.14923803760110665,2.8,NA
OMN,2020,127,3,EMR,175,312,0.5608974358974359,9.9,0.44,70,0.684955891887273,-0.7007842896153393,-0.5631157067789371,0.14923803760110665,2.7,1
OMN,2021,127,3,EMR,140,231,0.6060606060606061,7.4,0.4,69,0.9829437121428992,-0.7153214001714111,-0.5640471727582688,0.08373091218543942,1.8,1
OMN,2022,127,3,EMR,159,362,0.43922651933701656,11,0.42,69,1.2809315323985255,-0.6943879609706677,-0.5635814397686029,0.08373091218543942,1.9,1
OMN,2023,127,3,EMR,188,487,0.3860369609856263,14,0.42,69,1.5789193526541516,-0.6769434283033815,-0.5635814397686029,0.08373091218543942,1.4,1
PAK,2013,128,3,EMR,268733,289376,0.9286637454384606,275,26,50,-1.4009588499021106,0.8407309137505156,0.03209105401403328,-1.1609044707122378,1.6,NA
PAK,2014,128,3,EMR,287045,308327,0.930975879504552,270,25,53,-1.1029710296464843,0.8116566926383719,0.008804404530740235,-0.9643830944652361,1.6,NA
PAK,2015,128,3,EMR,301727,323267,0.9333677733885611,270,23,55,-0.8049832093908581,0.8116566926383719,-0.037768894435845864,-0.8333688436339016,0.5,NA
PAK,2016,128,3,EMR,334037,356390,0.9372793849434609,268,22,60,-0.5069953891352319,0.8000270041935145,-0.061055543919138915,-0.5058332165555656,0.54,NA
PAK,2017,128,3,EMR,332076,358730,0.925698993672121,267,22,60,-0.20900756887960567,0.7942121599710857,-0.061055543919138915,-0.5058332165555656,0.46,NA
PAK,2018,128,3,EMR,332281,357893,0.9284367115311001,265,21,60,0.08898025137602054,0.7825824715262283,-0.08434219340243196,-0.5058332165555656,0.68,NA
PAK,2019,128,3,EMR,303206,326455,0.9287834464168109,263,20,54,0.38696807163164676,0.7709527830813708,-0.10762884288572501,-0.8988759690495689,0.9,NA
PAK,2020,128,3,EMR,255447,272990,0.9357375728048647,260,22,45,0.684955891887273,0.7535082504140846,-0.061055543919138915,-1.4884400977905738,0.72,1
PAK,2021,128,3,EMR,317293,339256,0.9352612776192609,270,23,53,0.9829437121428992,0.8116566926383719,-0.037768894435845864,-0.9643830944652361,0.54,1
PAK,2022,128,3,EMR,403550,424601,0.9504216900101508,275,20,63,1.2809315323985255,0.8407309137505156,-0.10762884288572501,-0.3093118403085639,0.36,1
PAK,2023,128,3,EMR,451526,475761,0.9490605577170049,267,20,72,1.5789193526541516,0.7942121599710857,-0.10762884288572501,0.2802522884324411,0.39,1
PAN,2012,129,2,AMR,1258,1572,0.8002544529262087,58,7.8,70,-1.6989466701577367,-0.4210902825165177,-0.3917259665819002,0.14923803760110665,15,NA
PAN,2013,129,2,AMR,1172,1456,0.804945054945055,54,7.8,71,-1.4009588499021106,-0.44434965940623256,-0.3917259665819002,0.21474516301677388,15,NA
PAN,2014,129,2,AMR,1171,1483,0.7896156439649359,52,6.8,71,-1.1029710296464843,-0.45597934785109,-0.41501261606519324,0.21474516301677388,8.1,NA
PAN,2015,129,2,AMR,1349,1646,0.8195625759416768,58,8.1,72,-0.8049832093908581,-0.4210902825165177,-0.3847399717369123,0.2802522884324411,14,NA
PAN,2016,129,2,AMR,1473,1810,0.8138121546961326,61,7.2,74,-0.5069953891352319,-0.4036457498492315,-0.40569795627187605,0.41126653926377554,16,NA
PAN,2017,129,2,AMR,1367,1874,0.7294557097118464,61,8.4,76,-0.20900756887960567,-0.4036457498492315,-0.37775397689192436,0.54228079009511,20,NA
PAN,2018,129,2,AMR,1418,1723,0.8229831688914684,54,7.4,76,0.08898025137602054,-0.44434965940623256,-0.40104062637521737,0.54228079009511,18,NA
PAN,2019,129,2,AMR,1349,1621,0.8322023442319556,39,6.9,77,0.38696807163164676,-0.5315723227426634,-0.4126839511168639,0.6077879155107772,22,NA
PAN,2020,129,2,AMR,1015,1277,0.7948316366483946,34,6.8,77,0.684955891887273,-0.5606465438548071,-0.41501261606519324,0.6077879155107772,25,1
PAN,2021,129,2,AMR,1124,1477,0.7610020311442113,43,7.3,77,0.9829437121428992,-0.5083129458529485,-0.4033692913235467,0.6077879155107772,22,1
PAN,2022,129,2,AMR,1222,1645,0.7428571428571429,49,7.4,77,1.2809315323985255,-0.4734238805183762,-0.40104062637521737,0.6077879155107772,21,1
PAN,2023,129,2,AMR,1541,2052,0.7509746588693957,61,6.7,77,1.5789193526541516,-0.4036457498492315,-0.4173412810135226,0.6077879155107772,17,1
PNG,2018,132,6,WPR,21135,28784,0.7342620900500277,611,158,49,0.08898025137602054,2.794518572486567,3.105928785808716,-1.226411596127905,11,NA
PNG,2019,132,6,WPR,20841,29193,0.7139040180865276,614,149,52,0.38696807163164676,2.811963105153853,2.8963489404590783,-1.0298902198809032,11,NA
PNG,2020,132,6,WPR,19962,27141,0.7354924284293136,616,159,47,0.684955891887273,2.8235927935987104,3.129215435292009,-1.3574258469592395,6.9,0
PNG,2021,132,6,WPR,20705,28244,0.7330760515507718,622,161,46,0.9829437121428992,2.858481858933283,3.175788734258595,-1.4229329723749067,6.9,0
PNG,2022,132,6,WPR,25494,35060,0.7271534512264689,632,141,55,1.2809315323985255,2.91663030115757,2.7100557445927342,-0.8333688436339016,5.5,0
PNG,2023,132,6,WPR,30801,41840,0.7361615678776291,647,127,61,1.5789193526541516,3.003852964494001,2.3840426518266313,-0.44032609113989835,5.6,1
PRY,2012,136,2,AMR,1735,2476,0.7007269789983845,62,5.1,66,-1.6989466701577367,-0.3978309056268028,-0.4545999201867915,-0.11279046406156223,7.8,NA
PRY,2013,136,2,AMR,1532,2257,0.6787771377935312,56,5.3,67,-1.4009588499021106,-0.4327199709613751,-0.44994259029013284,-0.04728333864589502,9.9,NA
PRY,2014,136,2,AMR,1594,2240,0.7116071428571429,54,5.3,68,-1.1029710296464843,-0.44434965940623256,-0.44994259029013284,0.018223786769772203,10,NA
PRY,2015,136,2,AMR,1627,2326,0.6994840928632846,55,5.1,69,-0.8049832093908581,-0.43853481518380383,-0.4545999201867915,0.08373091218543942,8.8,NA
PRY,2016,136,2,AMR,1669,2505,0.6662674650698602,55,5.6,70,-0.5069953891352319,-0.43853481518380383,-0.442956595445145,0.14923803760110665,9.7,NA
PRY,2017,136,2,AMR,1830,2566,0.7131722525331254,57,4.8,72,-0.20900756887960567,-0.42690512673894637,-0.46158591503177937,0.2802522884324411,8.4,NA
PRY,2018,136,2,AMR,1724,2559,0.6737006643220008,56,4.9,72,0.08898025137602054,-0.4327199709613751,-0.45925725008345003,0.2802522884324411,8.7,NA
PRY,2019,136,2,AMR,1887,2812,0.6710526315789473,60,5.3,72,0.38696807163164676,-0.40946059407166024,-0.44994259029013284,0.2802522884324411,8.3,NA
PRY,2020,136,2,AMR,1596,2335,0.6835117773019272,50,4.7,72,0.684955891887273,-0.46760903629594747,-0.46391457998010865,0.2802522884324411,10,1
PRY,2021,136,2,AMR,1800,2698,0.6671608598962194,57,5.2,72,0.9829437121428992,-0.42690512673894637,-0.4522712552384622,0.2802522884324411,10,1
PRY,2022,136,2,AMR,2213,3049,0.725811741554608,67,4.1,72,1.2809315323985255,-0.36875668451465915,-0.4778865696700845,0.2802522884324411,8.1,1
PRY,2023,136,2,AMR,2414,3457,0.6982933179056986,76,5.3,72,1.5789193526541516,-0.31642308651280066,-0.44994259029013284,0.2802522884324411,8.9,1
PER,2017,130,2,AMR,22510,26099,0.8624851526878424,128,7.1,74,-0.20900756887960567,-0.014051186946506958,-0.4080266212202054,0.41126653926377554,4.8,NA
PER,2018,130,2,AMR,23777,28585,0.8317998950498513,132,9.3,74,0.08898025137602054,0.00920818994320794,-0.35679599235696063,0.41126653926377554,6,NA
PER,2019,130,2,AMR,24012,28875,0.8315844155844155,131,9.4,75,0.38696807163164676,0.003393345720779215,-0.35446732740863135,0.47677366467944277,6.3,NA
PER,2020,130,2,AMR,17785,20938,0.8494125513420575,128,9.7,56,0.684955891887273,-0.014051186946506958,-0.34748133256364344,-0.7678617182182345,6.3,0
PER,2021,130,2,AMR,19443,22683,0.8571617510911255,137,11,56,0.9829437121428992,0.03828241105535156,-0.31720868823536247,-0.7678617182182345,5.9,0
PER,2022,130,2,AMR,21228,25175,0.8432174776564052,149,13,57,1.2809315323985255,0.10806054172449625,-0.27063538926877634,-0.7023545928025672,6.5,1
PER,2023,130,2,AMR,23722,28068,0.8451617500356278,149,12,63,1.5789193526541516,0.10806054172449625,-0.2939220387520694,-0.3093118403085639,6,1
PHL,2013,131,6,WPR,193784,216250,0.8961109826589595,543,29,42,-1.4009588499021106,2.3991091653614136,0.10195100246391244,-1.6849614740375756,0.77,NA
PHL,2014,131,6,WPR,202084,219737,0.9196630517391245,546,30,43,-1.1029710296464843,2.4165536980286997,0.12523765194720549,-1.6194543486219084,0.77,NA
PHL,2015,131,6,WPR,240566,263481,0.9130297820336192,550,28,48,-0.8049832093908581,2.4398130749184146,0.07866435298061938,-1.2919187215435721,0.77,NA
PHL,2016,131,6,WPR,300747,332308,0.9050248564584662,554,31,56,-0.5069953891352319,2.4630724518081295,0.14852430143049852,-0.7678617182182345,0.77,NA
PHL,2017,131,6,WPR,287961,315923,0.9114910911836112,554,29,53,-0.20900756887960567,2.4630724518081295,0.10195100246391244,-0.9643830944652361,0.76,NA
PHL,2018,131,6,WPR,305637,369442,0.8272935941230288,554,28,61,0.08898025137602054,2.4630724518081295,0.07866435298061938,-0.44032609113989835,0.76,NA
PHL,2019,131,6,WPR,296469,342777,0.8649034211746995,554,28,67,0.38696807163164676,2.4630724518081295,0.07866435298061938,-0.04728333864589502,0.76,NA
PHL,2020,131,6,WPR,206635,270987,0.7625273537106946,544,32,42,0.684955891887273,2.4049240095838424,0.1718109509137916,-1.6849614740375756,0.76,1
PHL,2021,131,6,WPR,299789,376014,0.7972814842000564,579,37,49,0.9829437121428992,2.608443557368848,0.28824419833025683,-1.226411596127905,0.76,0
PHL,2022,131,6,WPR,395193,505882,0.7811960101367512,627,36,61,1.2809315323985255,2.8875560800454267,0.26495754884696376,-0.44032609113989835,0.79,1
PHL,2023,131,6,WPR,478394,570492,0.8385639062423312,632,34,79,1.5789193526541516,2.91663030115757,0.2183842498803777,0.7388021663421116,0.72,1
POL,2012,133,4,EUR,4385,7261,0.6039113069825093,24,1.9,76,-1.6989466701577367,-0.6187949860790943,-0.5291171985333293,0.54228079009511,1.1,NA
POL,2013,133,4,EUR,4164,7011,0.5939238339751819,24,1.6,77,-1.4009588499021106,-0.6187949860790943,-0.5361031933783171,0.6077879155107772,1,NA
POL,2014,133,4,EUR,3783,6500,0.582,22,1.6,78,-1.1029710296464843,-0.6304246745239518,-0.5361031933783171,0.6732950409264444,0.98,NA
POL,2015,133,4,EUR,3293,6196,0.5314719173660426,21,1.6,79,-0.8049832093908581,-0.6362395187463805,-0.5361031933783171,0.7388021663421116,0.97,NA
POL,2016,133,4,EUR,3300,6099,0.5410723069355632,20,1.6,80,-0.5069953891352319,-0.6420543629688092,-0.5361031933783171,0.8043092917577789,1,NA
PRT,2012,135,4,EUR,1970,2539,0.7758960220559276,28,3,84,-1.6989466701577367,-0.5955356091893794,-0.5035018841017068,1.0663377934204477,13,NA
PRT,2013,135,4,EUR,1723,2336,0.7375856164383562,26,2.9,85,-1.4009588499021106,-0.6071652976342369,-0.5058305490500362,1.131844918836115,12,NA
PRT,2014,135,4,EUR,1577,2198,0.7174704276615105,24,2.9,86,-1.1029710296464843,-0.6187949860790943,-0.5058305490500362,1.1973520442517822,15,NA
PRT,2015,135,4,EUR,1516,2114,0.7171239356669821,23,2.8,86,-0.8049832093908581,-0.6246098303015231,-0.5081592139983654,1.1973520442517822,14,NA
PRT,2016,135,4,EUR,1316,1872,0.7029914529914529,20,2.5,87,-0.5069953891352319,-0.6420543629688092,-0.5151452088433534,1.2628591696674494,14,NA
PRT,2017,135,4,EUR,1350,1859,0.7261968800430338,19,2.3,88,-0.20900756887960567,-0.647869207191238,-0.5198025387400119,1.3283662950831165,11,NA
PRT,2018,135,4,EUR,1240,1848,0.670995670995671,20,2.7,88,0.08898025137602054,-0.6420543629688092,-0.5104878789466948,1.3283662950831165,8.5,NA
PRT,2019,135,4,EUR,1327,1859,0.71382463690156,19,2.1,88,0.38696807163164676,-0.647869207191238,-0.5244598686366706,1.3283662950831165,10,NA
PRT,2020,135,4,EUR,1072,1461,0.7337440109514032,15,2,88,0.684955891887273,-0.6711285840809529,-0.5267885335849999,1.3283662950831165,9.8,1
PRT,2021,135,4,EUR,1003,1480,0.6777027027027027,16,2.6,88,0.9829437121428992,-0.6653137398585242,-0.5128165438950241,1.3283662950831165,8.8,1
PRT,2022,135,4,EUR,980,1523,0.6434668417596848,16,1.8,88,1.2809315323985255,-0.6653137398585242,-0.5314458634816585,1.3283662950831165,9.5,1
PRT,2023,135,4,EUR,930,1524,0.610236220472441,16,2.6,88,1.5789193526541516,-0.6653137398585242,-0.5128165438950241,1.3283662950831165,11,1
PRI,2012,134,2,AMR,47,71,0.6619718309859155,2.8,0.48,70,-1.6989466701577367,-0.7420696835945833,-0.5621842407996053,0.14923803760110665,18,NA
PRI,2016,134,2,AMR,51,65,0.7846153846153846,2.5,0.44,75,-0.5069953891352319,-0.7438141368613119,-0.5631157067789371,0.47677366467944277,11,NA
QAT,2015,138,3,EMR,368,527,0.698292220113852,31,0.31,71,-0.8049832093908581,-0.5780910765220932,-0.5661429712117652,0.21474516301677388,0.07,NA
QAT,2016,138,3,EMR,366,529,0.6918714555765595,27,0.3,71,-0.5069953891352319,-0.6013504534118082,-0.566375837706598,0.21474516301677388,0.08,NA
QAT,2017,138,3,EMR,379,594,0.6380471380471381,31,0.3,71,-0.20900756887960567,-0.5780910765220932,-0.566375837706598,0.21474516301677388,0.08,NA
QAT,2018,138,3,EMR,524,742,0.706199460916442,38,0.3,72,0.08898025137602054,-0.5373871669650921,-0.566375837706598,0.2802522884324411,0.09,NA
QAT,2019,138,3,EMR,621,850,0.7305882352941176,42,0.3,74,0.38696807163164676,-0.5141277900753772,-0.566375837706598,0.41126653926377554,0.12,NA
QAT,2020,138,3,EMR,660,852,0.7746478873239436,41,0.31,75,0.684955891887273,-0.519942634297806,-0.5661429712117652,0.47677366467944277,0.23,1
QAT,2022,138,3,EMR,663,860,0.7709302325581395,40,0.32,76,1.2809315323985255,-0.5257574785202347,-0.5659101047169323,0.54228079009511,0.34,1
QAT,2023,138,3,EMR,667,904,0.7378318584070797,40,0.34,76,1.5789193526541516,-0.5257574785202347,-0.5654443717272664,0.54228079009511,0.55,1
KOR,2012,89,6,WPR,34634,42588,0.8132337747722364,94,6.2,94,-1.6989466701577367,-0.21175589050908358,-0.4289846057551691,1.72140904757712,NA,NA
KOR,2013,89,6,WPR,33612,40794,0.823944697749669,89,5.5,94,-1.4009588499021106,-0.24083011162122722,-0.4452852603934742,1.72140904757712,NA,NA
KOR,2014,89,6,WPR,31139,38654,0.8055828633517876,85,5.5,94,-1.1029710296464843,-0.2640894885109421,-0.4452852603934742,1.72140904757712,NA,NA
KOR,2015,89,6,WPR,29419,35029,0.8398469839276028,79,5.3,94,-0.8049832093908581,-0.29897855384551447,-0.44994259029013284,1.72140904757712,NA,NA
KOR,2016,89,6,WPR,28704,34210,0.8390529085062847,76,5.1,94,-0.5069953891352319,-0.31642308651280066,-0.4545999201867915,1.72140904757712,NA,NA
KOR,2017,89,6,WPR,26803,31800,0.8428616352201258,70,4.3,94,-0.20900756887960567,-0.35131215184737297,-0.47322923977342585,1.72140904757712,NA,NA
KOR,2018,89,6,WPR,24997,29932,0.8351262862488307,64,4.2,94,0.08898025137602054,-0.38620121718194533,-0.4755579047217552,1.72140904757712,NA,NA
KOR,2019,89,6,WPR,22435,27087,0.828257097500646,58,3.8,94,0.38696807163164676,-0.4210902825165177,-0.4848725645150724,1.72140904757712,NA,NA
KOR,2020,89,6,WPR,18150,22344,0.8122986036519871,48,3.2,94,0.684955891887273,-0.4792387247408049,-0.49884455420504825,1.72140904757712,NA,0
KOR,2021,89,6,WPR,16463,20545,0.8013141883669993,44,3.4,94,0.9829437121428992,-0.5024981016305198,-0.4941872243083897,1.72140904757712,NA,0
KOR,2022,89,6,WPR,14542,18370,0.7916167664670659,40,2.7,94,1.2809315323985255,-0.5257574785202347,-0.5104878789466948,1.72140904757712,NA,0
KOR,2023,89,6,WPR,14027,17646,0.794911027995013,38,3,94,1.5789193526541516,-0.5373871669650921,-0.5035018841017068,1.72140904757712,NA,0
MDA,2012,101,4,EUR,3205,4203,0.7625505591244349,128,14,99,-1.6989466701577367,-0.014051186946506958,-0.2473487397854833,2.048944674655456,6.4,NA
MDA,2013,101,4,EUR,3095,3889,0.7958344047312934,133,10,99,-1.4009588499021106,0.015023034165636663,-0.3404953377186555,2.048944674655456,6.1,NA
MDA,2014,101,4,EUR,2724,3459,0.7875108412836079,123,10,99,-1.1029710296464843,-0.04312540805865058,-0.3404953377186555,2.048944674655456,7.6,NA
MDA,2015,101,4,EUR,2379,2992,0.795120320855615,111,8.9,99,-0.8049832093908581,-0.11290353872779528,-0.3661106521502778,2.048944674655456,8.7,NA
MDA,2016,101,4,EUR,2515,3048,0.8251312335958005,111,8,99,-0.5069953891352319,-0.11290353872779528,-0.3870686366852416,2.048944674655456,8.7,NA
MDA,2017,101,4,EUR,2187,2715,0.8055248618784531,106,6.5,99,-0.20900756887960567,-0.1419777598399389,-0.42199861091018115,2.048944674655456,8.3,NA
MDA,2018,101,4,EUR,1954,2312,0.8451557093425606,97,6.2,99,0.08898025137602054,-0.19431135784179743,-0.4289846057551691,2.048944674655456,8.6,NA
MDA,2019,101,4,EUR,1854,2215,0.837020316027088,91,5.6,99,0.38696807163164676,-0.22920042317636977,-0.442956595445145,2.048944674655456,11,NA
MDA,2020,101,4,EUR,1117,1408,0.7933238636363636,86,7.1,67,0.684955891887273,-0.2582746442885134,-0.4080266212202054,-0.04728333864589502,13,1
MDA,2021,101,4,EUR,1318,1638,0.8046398046398047,80,6.2,85,0.9829437121428992,-0.29316370962308574,-0.4289846057551691,1.131844918836115,11,1
MDA,2022,101,4,EUR,1416,1673,0.8463837417812313,75,7.5,93,1.2809315323985255,-0.3222379307352294,-0.39871196142688814,1.6559019221614528,11,0
MDA,2023,101,4,EUR,1430,1676,0.8532219570405728,70,7.1,100,1.5789193526541516,-0.35131215184737297,-0.4080266212202054,2.1144518000711234,13,0
ROU,2012,139,4,EUR,13892,16425,0.8457838660578386,109,6.9,73,-1.6989466701577367,-0.12453322717265272,-0.4126839511168639,0.3457594138481083,2.4,NA
ROU,2013,139,4,EUR,12849,15188,0.8459968396102185,104,6.3,74,-1.4009588499021106,-0.15360744828479636,-0.4266559408068398,0.41126653926377554,2.7,NA
ROU,2014,139,4,EUR,12304,14525,0.8470912220309811,99,6.3,75,-1.1029710296464843,-0.18268166939693997,-0.4266559408068398,0.47677366467944277,2.9,NA
ROU,2015,139,4,EUR,11828,13908,0.8504457865976417,94,5.9,76,-0.8049832093908581,-0.21175589050908358,-0.43597060060015697,0.54228079009511,2.6,NA
ROU,2016,139,4,EUR,10723,12459,0.8606629745565455,84,5.4,77,-0.5069953891352319,-0.26990433273337083,-0.4476139253418035,0.6077879155107772,2.6,NA
ROU,2017,139,4,EUR,10348,12007,0.8618305988173566,81,5.1,77,-0.20900756887960567,-0.287348865400657,-0.4545999201867915,0.6077879155107772,2.1,NA
ROU,2018,139,4,EUR,9482,11271,0.841274066187561,76,5.1,77,0.08898025137602054,-0.31642308651280066,-0.4545999201867915,0.6077879155107772,2.4,NA
ROU,2019,139,4,EUR,9051,10812,0.8371254162042175,73,5,78,0.38696807163164676,-0.3338676191800868,-0.45692858513512075,0.6732950409264444,1.9,NA
ROU,2020,139,4,EUR,5727,7017,0.8161607524583155,70,4.7,53,0.684955891887273,-0.35131215184737297,-0.46391457998010865,-0.9643830944652361,2.2,1
ROU,2021,139,4,EUR,6007,7396,0.8121957815035155,67,4.8,59,0.9829437121428992,-0.36875668451465915,-0.46158591503177937,-0.5713403419712327,2.1,1
ROU,2022,139,4,EUR,7260,8604,0.8437935843793585,64,5.1,72,1.2809315323985255,-0.38620121718194533,-0.4545999201867915,0.2802522884324411,1.8,1
ROU,2023,139,4,EUR,7509,8934,0.8404969778374748,62,5.4,78,1.5789193526541516,-0.3978309056268028,-0.4476139253418035,0.6732950409264444,2.3,1
RUS,2012,140,4,EUR,61765,89666,0.6888341177257824,77,14,96,-1.6989466701577367,-0.3106082422903719,-0.2473487397854833,1.8524232984084543,10,NA
RUS,2013,140,4,EUR,56980,83301,0.6840254018559201,73,13,100,-1.4009588499021106,-0.3338676191800868,-0.27063538926877634,2.1144518000711234,11,NA
RUS,2014,140,4,EUR,53266,77136,0.6905465671022609,70,12,100,-1.1029710296464843,-0.35131215184737297,-0.2939220387520694,2.1144518000711234,11,NA
RUS,2015,140,4,EUR,57060,80424,0.7094897045658013,67,11,100,-0.8049832093908581,-0.36875668451465915,-0.31720868823536247,2.1144518000711234,11,NA
RUS,2016,140,4,EUR,52335,73137,0.715574880019689,63,9.6,100,-0.5069953891352319,-0.39201606140437406,-0.3498099975119727,2.1144518000711234,21,NA
RUS,2017,140,4,EUR,46938,67593,0.694421019928099,59,8.2,98,-0.20900756887960567,-0.41527543829408897,-0.382411306788583,1.9834375492397889,19,NA
RUS,2018,140,4,EUR,41154,59850,0.6876190476190476,54,7.4,98,0.08898025137602054,-0.44434965940623256,-0.40104062637521737,1.9834375492397889,20,NA
RUS,2019,140,4,EUR,37208,54589,0.6816025206543442,50,6.5,100,0.38696807163164676,-0.46760903629594747,-0.42199861091018115,2.1144518000711234,23,NA
RUS,2020,140,4,EUR,28677,46389,0.6181853456638428,49,7.5,83,0.684955891887273,-0.4734238805183762,-0.39871196142688814,1.0008306680047805,24,1
RUS,2021,140,4,EUR,26516,43926,0.6036515958657742,47,7.1,83,0.9829437121428992,-0.48505356896323365,-0.4080266212202054,1.0008306680047805,26,1
RUS,2022,140,4,EUR,27553,41077,0.670764661489398,39,4.9,99,1.2809315323985255,-0.5315723227426634,-0.45925725008345003,2.048944674655456,26,1
RUS,2023,140,4,EUR,26764,39436,0.6786692362308551,38,4.5,100,1.5789193526541516,-0.5373871669650921,-0.4685719098767673,2.1144518000711234,25,1
RWA,2012,141,1,AFR,4963,5888,0.8429008152173914,72,10,78,-1.6989466701577367,-0.3396824634025155,-0.3404953377186555,0.6732950409264444,26,NA
RWA,2013,141,1,AFR,4833,5701,0.8477460094720225,70,10,74,-1.4009588499021106,-0.35131215184737297,-0.3404953377186555,0.41126653926377554,25,NA
RWA,2014,141,1,AFR,5048,5846,0.8634964078002053,68,9.8,75,-1.1029710296464843,-0.3629418402922304,-0.3451526676153141,0.47677366467944277,25,NA
RWA,2015,141,1,AFR,4718,5453,0.865211810012837,66,10,72,-0.8049832093908581,-0.3745715287370879,-0.3404953377186555,0.2802522884324411,27,NA
RWA,2016,141,1,AFR,4829,5637,0.8566613446868901,65,9.1,74,-0.5069953891352319,-0.3803863729595166,-0.36145332225361926,0.41126653926377554,21,NA
RWA,2017,141,1,AFR,4747,5511,0.8613681727454182,65,9.1,71,-0.20900756887960567,-0.3803863729595166,-0.36145332225361926,0.21474516301677388,22,NA
RWA,2018,141,1,AFR,4918,5750,0.855304347826087,64,8.8,73,0.08898025137602054,-0.38620121718194533,-0.36843931709860717,0.3457594138481083,21,NA
RWA,2019,141,1,AFR,4928,5633,0.8748446653648145,63,8.7,71,0.38696807163164676,-0.39201606140437406,-0.3707679820469365,0.21474516301677388,21,NA
RWA,2020,141,1,AFR,4944,5562,0.8888888888888888,63,10,67,0.684955891887273,-0.39201606140437406,-0.3404953377186555,-0.04728333864589502,19,1
RWA,2021,141,1,AFR,4519,5190,0.8707129094412331,63,11,62,0.9829437121428992,-0.39201606140437406,-0.31720868823536247,-0.3748189657242311,16,1
RWA,2022,141,1,AFR,6169,6932,0.8899307559145989,62,4.8,82,1.2809315323985255,-0.3978309056268028,-0.46158591503177937,0.9353235425891133,13,1
RWA,2023,141,1,AFR,8335,9233,0.9027401711253114,62,2.5,110,1.5789193526541516,-0.3978309056268028,-0.5151452088433534,2.7695230542277955,12,1
STP,2012,152,1,AFR,88,126,0.6984126984126984,131,36,46,-1.6989466701577367,0.003393345720779215,0.26495754884696376,-1.4229329723749067,14,NA
STP,2013,152,1,AFR,108,147,0.7346938775510204,159,45,48,-1.4009588499021106,0.1662089839487835,0.47453739419660124,-1.2919187215435721,20,NA
STP,2014,152,1,AFR,110,149,0.738255033557047,163,44,49,-1.1029710296464843,0.1894683608384984,0.45125074471330817,-1.226411596127905,18,NA
STP,2015,152,1,AFR,135,173,0.7803468208092486,175,45,51,-0.8049832093908581,0.2592464915076431,0.47453739419660124,-1.0953973452965706,13,NA
STP,2016,152,1,AFR,149,192,0.7760416666666666,175,45,53,-0.5069953891352319,0.2592464915076431,0.47453739419660124,-0.9643830944652361,20,NA
STP,2017,152,1,AFR,107,143,0.7482517482517482,122,29,55,-0.20900756887960567,-0.04894025228107931,0.10195100246391244,-0.8333688436339016,15,NA
STP,2018,152,1,AFR,109,152,0.7171052631578947,123,28,58,0.08898025137602054,-0.04312540805865058,0.07866435298061938,-0.6368474673869,15,NA
STP,2019,152,1,AFR,100,142,0.704225352112676,108,23,61,0.38696807163164676,-0.13034807139508145,-0.037768894435845864,-0.44032609113989835,16,NA
STP,2020,152,1,AFR,65,91,0.7142857142857143,69,13,62,0.684955891887273,-0.3571269960698017,-0.27063538926877634,-0.3748189657242311,6.7,1
STP,2021,152,1,AFR,57,82,0.6951219512195121,59,12,63,0.9829437121428992,-0.41527543829408897,-0.2939220387520694,-0.3093118403085639,15,1
STP,2022,152,1,AFR,99,125,0.792,87,17,63,1.2809315323985255,-0.25245980006608465,-0.17748879133560416,-0.3093118403085639,10,1
STP,2023,152,1,AFR,74,105,0.7047619047619048,73,15,63,1.5789193526541516,-0.3338676191800868,-0.22406209030219026,-0.3093118403085639,15,1
SAU,2012,142,3,EMR,2382,3730,0.6386058981233244,15,1.1,91,-1.6989466701577367,-0.6711285840809529,-0.5477465181199636,1.5248876713301183,2.3,NA
SAU,2013,142,3,EMR,1926,3435,0.5606986899563319,13,1,91,-1.4009588499021106,-0.6827582725258102,-0.550075183068293,1.5248876713301183,0.53,NA
SAU,2014,142,3,EMR,2016,3248,0.6206896551724138,12,0.95,91,-1.1029710296464843,-0.688573116748239,-0.5512395155424576,1.5248876713301183,0.53,NA
SAU,2015,142,3,EMR,2386,3309,0.7210637654880628,12,0.88,91,-0.8049832093908581,-0.688573116748239,-0.5528695810062881,1.5248876713301183,0.55,NA
SAU,2016,142,3,EMR,2159,2885,0.7483535528596187,10,0.85,91,-0.5069953891352319,-0.7002028051930964,-0.5535681804907868,1.5248876713301183,2.4,NA
SAU,2017,142,3,EMR,2631,2925,0.8994871794871795,10,0.81,91,-0.20900756887960567,-0.7002028051930964,-0.5544996464701186,1.5248876713301183,3.8,NA
SAU,2018,142,3,EMR,2729,3035,0.899176276771005,11,0.72,91,0.08898025137602054,-0.6943879609706677,-0.556595444923615,1.5248876713301183,1.4,NA
SAU,2019,142,3,EMR,2644,2936,0.9005449591280654,11,0.68,91,0.38696807163164676,-0.6943879609706677,-0.5575269109029467,1.5248876713301183,2.2,NA
SAU,2020,142,3,EMR,2192,2448,0.8954248366013072,8.7,0.63,91,0.684955891887273,-0.7077621026822538,-0.5586912433771114,1.5248876713301183,2.5,0
SAU,2021,142,3,EMR,2307,2577,0.8952270081490105,9,0.44,91,0.9829437121428992,-0.7060176494155251,-0.5631157067789371,1.5248876713301183,1.6,1
SAU,2022,142,3,EMR,2335,2587,0.9025898724391187,8.8,0.54,91,1.2809315323985255,-0.7071806182600109,-0.5607870418306078,1.5248876713301183,1.6,1
SAU,2023,142,3,EMR,2312,2526,0.9152810768012668,8.4,0.57,91,1.5789193526541516,-0.7095065559489824,-0.560088442346109,1.5248876713301183,2.3,1
SEN,2012,144,1,AFR,10332,12339,0.8373450036469731,177,42,52,-1.6989466701577367,0.2708761799525005,0.4046774457467221,-1.0298902198809032,8.8,NA
SEN,2013,144,1,AFR,11412,13180,0.8658573596358118,174,39,55,-1.4009588499021106,0.2534316472852144,0.3348174972968429,-0.8333688436339016,8.2,NA
SEN,2014,144,1,AFR,11442,13226,0.8651141690609405,170,38,56,-1.1029710296464843,0.23017227039549948,0.3115308478135499,-0.7678617182182345,7.4,NA
SEN,2015,144,1,AFR,11526,13375,0.8617570093457944,165,37,55,-0.8049832093908581,0.20109804928335584,0.28824419833025683,-0.8333688436339016,6.9,NA
SEN,2016,144,1,AFR,11082,12878,0.8605373505202671,159,36,54,-0.5069953891352319,0.1662089839487835,0.26495754884696376,-0.8988759690495689,6.3,NA
SEN,2017,144,1,AFR,11527,13235,0.8709482432942954,152,33,56,-0.20900756887960567,0.12550507439178243,0.19509760039708463,-0.7678617182182345,6.1,NA
SEN,2018,144,1,AFR,11794,13250,0.8901132075471698,147,31,57,0.08898025137602054,0.09643085327963881,0.14852430143049852,-0.7023545928025672,4.8,NA
SEN,2019,144,1,AFR,12213,13357,0.9143520251553493,143,30,57,0.38696807163164676,0.07317147638992391,0.12523765194720549,-0.7023545928025672,5.1,NA
SEN,2020,144,1,AFR,11435,12808,0.8928013741411618,139,30,55,0.684955891887273,0.04991209950020901,0.12523765194720549,-0.8333688436339016,5,1
SEN,2021,144,1,AFR,10874,13370,0.8133133881824981,136,28,57,0.9829437121428992,0.03246756683292284,0.07866435298061938,-0.7023545928025672,4,1
SEN,2022,144,1,AFR,13119,14604,0.8983155299917831,134,25,62,1.2809315323985255,0.02083787838806539,0.008804404530740235,-0.3748189657242311,3.5,1
SEN,2023,144,1,AFR,14290,16053,0.8901762910359434,133,21,70,1.5789193526541516,0.015023034165636663,-0.08434219340243196,0.14923803760110665,3.9,1
SRB,2012,150,4,EUR,1546,1851,0.8352242031334414,39,2.1,65,-1.6989466701577367,-0.5315723227426634,-0.5244598686366706,-0.17829758947722946,0.32,NA
SRB,2013,150,4,EUR,1118,1427,0.7834618079887876,43,1.9,67,-1.4009588499021106,-0.5083129458529485,-0.5291171985333293,-0.04728333864589502,0.32,NA
SRB,2014,150,4,EUR,1042,1281,0.8134270101483216,37,1.6,68,-1.1029710296464843,-0.5432020111875209,-0.5361031933783171,0.018223786769772203,0.31,NA
SRB,2015,150,4,EUR,1471,1647,0.8931390406800243,33,1.2,70,-0.8049832093908581,-0.5664613880772358,-0.5454178531716344,0.14923803760110665,0.31,NA
SRB,2016,150,4,EUR,1191,1443,0.8253638253638254,29,1.4,71,-0.5069953891352319,-0.5897207649669507,-0.5407605232749758,0.21474516301677388,0.31,NA
SRB,2017,150,4,EUR,1239,1440,0.8604166666666667,29,1.3,72,-0.20900756887960567,-0.5897207649669507,-0.543089188223305,0.2802522884324411,0.31,NA
SRB,2018,150,4,EUR,1032,1265,0.8158102766798419,26,1.2,74,0.08898025137602054,-0.6071652976342369,-0.5454178531716344,0.41126653926377554,0.31,NA
SRB,2019,150,4,EUR,513,602,0.8521594684385382,21,0.75,76,0.38696807163164676,-0.6362395187463805,-0.5558968454391162,0.54228079009511,0.31,NA
SRB,2020,150,4,EUR,347,434,0.7995391705069125,21,0.76,30,0.684955891887273,-0.6362395187463805,-0.5556639789442832,-2.4710469790255822,0.31,1
SRB,2021,150,4,EUR,381,446,0.8542600896860987,19,0.64,34,0.9829437121428992,-0.647869207191238,-0.5584583768822784,-2.209018477362913,0.31,0
SRB,2022,150,4,EUR,880,1047,0.8404966571155683,17,0.81,91,1.2809315323985255,-0.6594988956360954,-0.5544996464701186,1.5248876713301183,0.31,1
SRB,2023,150,4,EUR,352,475,0.7410526315789474,20,1.1,76,1.5789193526541516,-0.6420543629688092,-0.5477465181199636,0.54228079009511,0.31,1
SLE,2014,147,1,AFR,10379,12191,0.85136576162743,455,136,40,-1.1029710296464843,1.887402873787686,2.593622497176269,-1.81597572486891,12,NA
SLE,2016,147,1,AFR,11118,12497,0.8896535168440426,437,123,45,-0.5069953891352319,1.782735677783969,2.290896053893459,-1.4884400977905738,14,NA
SLE,2017,147,1,AFR,14363,15935,0.9013492312519611,429,109,50,-0.20900756887960567,1.736216924004539,1.9648829611273564,-1.1609044707122378,12,NA
SLE,2018,147,1,AFR,15247,17144,0.8893490433971069,420,100,54,0.08898025137602054,1.6838833260026806,1.755303115777719,-0.8988759690495689,13,NA
SLE,2019,147,1,AFR,15623,17794,0.8779925817691356,412,95,56,0.38696807163164676,1.6373645722232508,1.6388698683612537,-0.7678617182182345,13,NA
SLE,2020,147,1,AFR,13914,15706,0.8859034763784541,403,106,49,0.684955891887273,1.5850309742213924,1.8950230126774774,-1.226411596127905,14,1
SLE,2021,147,1,AFR,16083,17669,0.9102382704171147,395,94,55,0.9829437121428992,1.5385122204419626,1.6155832188779606,-0.8333688436339016,15,1
SLE,2022,147,1,AFR,17619,19081,0.9233792778156281,388,82,60,1.2809315323985255,1.4978083108849614,1.336143425078444,-0.5058332165555656,13,1
SLE,2023,147,1,AFR,19937,21756,0.9163908806765949,380,67,68,1.5789193526541516,1.4512895571055315,0.9868436828290483,0.018223786769772203,13,1
SGP,2013,145,6,WPR,1656,2142,0.773109243697479,48,1.3,83,-1.4009588499021106,-0.4792387247408049,-0.543089188223305,1.0008306680047805,2.8,NA
SGP,2014,145,6,WPR,1663,2143,0.7760149323378441,47,1.5,84,-1.1029710296464843,-0.48505356896323365,-0.5384318583266464,1.0663377934204477,2.7,NA
SGP,2015,145,6,WPR,1684,2143,0.7858142790480634,46,1,86,-0.8049832093908581,-0.4908684131856624,-0.550075183068293,1.1973520442517822,1.8,NA
SGP,2016,145,6,WPR,1915,2435,0.7864476386036962,51,1,87,-0.5069953891352319,-0.46179419207351874,-0.550075183068293,1.2628591696674494,1.6,NA
SGP,2017,145,6,WPR,1821,2300,0.7917391304347826,48,0.79,87,-0.20900756887960567,-0.4792387247408049,-0.5549653794597845,1.2628591696674494,1.5,NA
SGP,2018,145,6,WPR,1847,2298,0.8037423846823325,47,0.7,88,0.08898025137602054,-0.48505356896323365,-0.5570611779132809,1.3283662950831165,1.3,NA
SGP,2019,145,6,WPR,1638,2072,0.7905405405405406,42,0.56,88,0.38696807163164676,-0.5141277900753772,-0.5603213088409419,1.3283662950831165,1.9,NA
SGP,2020,145,6,WPR,1853,2335,0.793576017130621,47,0.5,88,0.684955891887273,-0.48505356896323365,-0.5617185078099395,1.3283662950831165,0.98,1
SGP,2021,145,6,WPR,1857,2370,0.7835443037974683,50,0.31,89,0.9829437121428992,-0.46760903629594747,-0.5661429712117652,1.393873420498784,0.84,1
SGP,2022,145,6,WPR,1906,2596,0.734206471494607,53,0.48,89,1.2809315323985255,-0.4501645036286613,-0.5621842407996053,1.393873420498784,0.97,1
SGP,2023,145,6,WPR,1522,2044,0.7446183953033269,41,0.48,89,1.5789193526541516,-0.519942634297806,-0.5621842407996053,1.393873420498784,1.3,1
SVK,2012,154,4,EUR,302,343,0.880466472303207,7.8,0.32,76,-1.6989466701577367,-0.7129954624824396,-0.5659101047169323,0.54228079009511,0,NA
SVK,2013,154,4,EUR,370,395,0.9367088607594937,9.5,0.38,78,-1.4009588499021106,-0.7031102273043108,-0.5645129057479347,0.6732950409264444,0,NA
SVK,2014,154,4,EUR,280,318,0.8805031446540881,7.5,0.64,79,-1.1029710296464843,-0.7147399157491683,-0.5584583768822784,0.7388021663421116,0,NA
SVK,2015,154,4,EUR,263,305,0.8622950819672132,7,0.64,81,-0.8049832093908581,-0.7176473378603826,-0.5584583768822784,0.869816417173446,0.3,NA
SVK,2016,154,4,EUR,241,279,0.8637992831541219,6.3,0.48,82,-0.5069953891352319,-0.7217177288160828,-0.5621842407996053,0.9353235425891133,0.34,NA
SVK,2017,154,4,EUR,204,222,0.918918918918919,5,0.53,84,-0.20900756887960567,-0.72927702630524,-0.5610199083254407,1.0663377934204477,0,NA
SVK,2018,154,4,EUR,249,271,0.9188191881918819,6.1,0.5,83,0.08898025137602054,-0.7228806976605685,-0.5617185078099395,1.0008306680047805,0.53,NA
SVK,2019,154,4,EUR,196,209,0.937799043062201,4.8,0.3,82,0.38696807163164676,-0.7304399951497258,-0.566375837706598,0.9353235425891133,2.7,NA
SVK,2020,154,4,EUR,130,152,0.8552631578947368,3.4,0.42,82,0.684955891887273,-0.738580777061126,-0.5635814397686029,0.9353235425891133,2.7,1
SVK,2021,154,4,EUR,115,131,0.8778625954198473,3,0.34,82,0.9829437121428992,-0.7409067147500975,-0.5654443717272664,0.9353235425891133,3.1,1
SVK,2022,154,4,EUR,123,138,0.8913043478260869,3.2,0.56,82,1.2809315323985255,-0.7397437459056118,-0.5603213088409419,0.9353235425891133,3.1,1
SVK,2023,154,4,EUR,178,198,0.898989898989899,4.6,0.54,82,1.5789193526541516,-0.7316029639942115,-0.5607870418306078,0.9353235425891133,3.1,1
SVN,2012,155,4,EUR,112,138,0.8115942028985508,8.4,0.54,77,-1.6989466701577367,-0.7095065559489824,-0.5607870418306078,0.6077879155107772,0,NA
SVN,2013,155,4,EUR,107,139,0.7697841726618705,8.6,0.46,78,-1.4009588499021106,-0.7083435871044967,-0.5626499737892712,0.6732950409264444,0.95,NA
SVN,2014,155,4,EUR,110,142,0.7746478873239436,8.7,1,79,-1.1029710296464843,-0.7077621026822538,-0.550075183068293,0.7388021663421116,0,NA
SVN,2015,155,4,EUR,105,129,0.813953488372093,7.8,0.54,80,-0.8049832093908581,-0.7129954624824396,-0.5607870418306078,0.8043092917577789,0,NA
SVN,2016,155,4,EUR,84,118,0.711864406779661,7,0.36,82,-0.5069953891352319,-0.7176473378603826,-0.5649786387376005,0.9353235425891133,1.1,NA
SVN,2017,155,4,EUR,85,111,0.7657657657657657,6.5,0.36,83,-0.20900756887960567,-0.720554759971597,-0.5649786387376005,1.0008306680047805,0.89,NA
SVN,2018,155,4,EUR,76,98,0.7755102040816326,5.6,0.31,84,0.08898025137602054,-0.7257881197717829,-0.5661429712117652,1.0663377934204477,0.89,NA
SVN,2019,155,4,EUR,69,98,0.7040816326530612,5.5,0.7,85,0.38696807163164676,-0.7263696041940257,-0.5570611779132809,1.131844918836115,1.4,NA
SVN,2020,155,4,EUR,55,74,0.7432432432432432,4.2,0.82,85,0.684955891887273,-0.733928901683183,-0.5542667799752857,1.131844918836115,0,1
SVN,2021,155,4,EUR,58,78,0.7435897435897436,4.4,0.57,85,0.9829437121428992,-0.7327659328386973,-0.560088442346109,1.131844918836115,0,1
SVN,2022,155,4,EUR,52,72,0.7222222222222222,4,0.54,85,1.2809315323985255,-0.7350918705276688,-0.5607870418306078,1.131844918836115,0,1
SVN,2023,155,4,EUR,64,85,0.7529411764705882,4.7,0.13,85,1.5789193526541516,-0.7310214795719687,-0.5703345681187579,1.131844918836115,2.9,1
SLB,2012,146,6,WPR,318,361,0.8808864265927978,165,46,38,-1.6989466701577367,0.20109804928335584,0.49782404367989425,-1.9469899757002445,NA,NA
SLB,2013,146,6,WPR,341,361,0.9445983379501385,153,42,39,-1.4009588499021106,0.13131991861421116,0.4046774457467221,-1.8814828502845773,NA,NA
SLB,2014,146,6,WPR,314,345,0.9101449275362319,137,37,41,-1.1029710296464843,0.03828241105535156,0.28824419833025683,-1.7504685994532427,NA,NA
SLB,2015,146,6,WPR,390,416,0.9375,155,41,42,-0.8049832093908581,0.1429496070590686,0.38139079626342903,-1.6849614740375756,NA,NA
SLB,2016,146,6,WPR,377,402,0.9378109452736318,141,36,43,-0.5069953891352319,0.06154178794506646,0.26495754884696376,-1.6194543486219084,NA,NA
SLB,2017,146,6,WPR,345,373,0.9249329758713136,124,31,44,-0.20900756887960567,-0.037310563836221854,0.14852430143049852,-1.553947223206241,NA,NA
SLB,2018,146,6,WPR,356,387,0.9198966408268734,124,32,44,0.08898025137602054,-0.037310563836221854,0.1718109509137916,-1.553947223206241,NA,NA
SLB,2019,146,6,WPR,339,357,0.9495798319327731,111,28,44,0.38696807163164676,-0.11290353872779528,0.07866435298061938,-1.553947223206241,NA,NA
SLB,2020,146,6,WPR,297,324,0.9166666666666666,97,24,44,0.684955891887273,-0.19431135784179743,-0.014482244952552814,-1.553947223206241,NA,0
SLB,2021,146,6,WPR,354,370,0.9567567567567568,108,27,45,0.9829437121428992,-0.13034807139508145,0.05537770349732633,-1.4884400977905738,NA,0
SLB,2022,146,6,WPR,127,135,0.9407407407407408,97,24,45,1.2809315323985255,-0.19431135784179743,-0.014482244952552814,-1.4884400977905738,NA,1
SLB,2023,146,6,WPR,259,281,0.9217081850533808,97,24,45,1.5789193526541516,-0.19431135784179743,-0.014482244952552814,-1.4884400977905738,NA,1
SOM,2012,149,3,EMR,10479,11975,0.8750730688935282,192,45,50,-1.6989466701577367,0.35809884328893143,0.47453739419660124,-1.1609044707122378,3.1,NA
SOM,2013,149,3,EMR,11111,12994,0.855086963213791,187,41,54,-1.4009588499021106,0.3290246221767878,0.38139079626342903,-0.8988759690495689,2.6,NA
SOM,2014,149,3,EMR,11114,12903,0.8613500736262885,188,43,51,-1.1029710296464843,0.3348394663992165,0.4279640952300151,-1.0953973452965706,2.3,NA
SOM,2015,149,3,EMR,11723,13982,0.8384351308825633,187,41,54,-0.8049832093908581,0.3290246221767878,0.38139079626342903,-0.8988759690495689,1.7,NA
SOM,2016,149,3,EMR,12438,14170,0.8777699364855328,184,40,54,-0.5069953891352319,0.3115800895095016,0.35810414678013597,-0.8988759690495689,1.5,NA
SOM,2017,149,3,EMR,14302,16627,0.860167197931076,182,34,61,-0.20900756887960567,0.29995040106464416,0.2183842498803777,-0.44032609113989835,1.1,NA
SOM,2018,149,3,EMR,14394,16614,0.8663777537016973,179,34,60,0.08898025137602054,0.282505868397358,0.2183842498803777,-0.5058332165555656,1.2,NA
SOM,2019,149,3,EMR,15542,16918,0.9186665090436221,175,34,60,0.38696807163164676,0.2592464915076431,0.2183842498803777,-0.5058332165555656,0.91,NA
SOM,2020,149,3,EMR,15122,16888,0.8954287067740407,171,33,60,0.684955891887273,0.2359871146179282,0.19509760039708463,-0.5058332165555656,0.77,0
SOM,2021,149,3,EMR,16231,17422,0.9316381586499828,167,32,60,0.9829437121428992,0.2127277377282133,0.1718109509137916,-0.5058332165555656,0.91,0
SOM,2022,149,3,EMR,16758,18458,0.907899013977679,162,28,64,1.2809315323985255,0.18365351661606968,0.07866435298061938,-0.24380471489289668,0.77,1
SOM,2023,149,3,EMR,17336,18571,0.9334984653492003,157,27,65,1.5789193526541516,0.15457929550392605,0.05537770349732633,-0.17829758947722946,0.59,0
ZAF,2012,178,1,AFR,253148,328393,0.7708690501929091,1160,161,52,-1.6989466701577367,5.986868050599937,3.175788734258595,-1.0298902198809032,64,NA
ZAF,2013,178,1,AFR,251768,321087,0.7841114713457723,1110,137,52,-1.4009588499021106,5.6961258394785,2.616909146659562,-1.0298902198809032,62,NA
ZAF,2014,178,1,AFR,248106,319752,0.7759325977632665,1070,124,52,-1.1029710296464843,5.463532070581351,2.314182703376752,-1.0298902198809032,61,NA
ZAF,2015,178,1,AFR,237192,291793,0.8128776221499487,988,116,51,-0.8049832093908581,4.986714844342196,2.1278895075104076,-1.0953973452965706,57,NA
ZAF,2016,178,1,AFR,194489,236702,0.8216618364018893,805,112,51,-0.5069953891352319,3.9225983516377396,2.034742909577236,-1.0953973452965706,59,NA
ZAF,2017,178,1,AFR,184531,240332,0.7678170197892915,738,106,57,-0.20900756887960567,3.533003788735015,1.8950230126774774,-0.7023545928025672,60,NA
ZAF,2018,178,1,AFR,162060,227999,0.7107925911955755,677,103,57,0.08898025137602054,3.178298291166863,1.8251630642275982,-0.7023545928025672,59,NA
ZAF,2019,178,1,AFR,170806,216725,0.788123197600646,615,99,57,0.38696807163164676,2.817777949376282,1.732016466294426,-0.7023545928025672,58,NA
ZAF,2020,178,1,AFR,130318,166064,0.7847456402350901,562,96,56,0.684955891887273,2.5095912055875593,1.6621565178445468,-0.7678617182182345,58,1
ZAF,2021,178,1,AFR,127431,161359,0.7897359304408182,513,93,55,0.9829437121428992,2.224663838688552,1.5922965693946676,-0.8333688436339016,57,1
ZAF,2022,178,1,AFR,161478,213343,0.7568938282484075,468,90,73,1.2809315323985255,1.9629958486792594,1.5224366209447886,0.3457594138481083,54,1
ZAF,2023,178,1,AFR,137732,194433,0.7083776930870789,427,88,79,1.5789193526541516,1.7245872355596816,1.4758633219782025,0.7388021663421116,54,1
SSD,2012,151,1,AFR,4413,8426,0.5237360550676478,407,181,19,-1.6989466701577367,1.608290351111107,3.641521723924456,-3.1916253585979217,31,NA
SSD,2013,151,1,AFR,5190,7240,0.7168508287292817,399,167,14,-1.4009588499021106,1.5617715973316775,3.3155086311583535,-3.519160985676258,15,NA
SSD,2014,151,1,AFR,5903,8335,0.7082183563287342,391,153,19,-1.1029710296464843,1.5152528435522477,2.9894955383922506,-3.1916253585979217,13,NA
SSD,2016,151,1,AFR,6277,7671,0.8182766262547256,376,134,26,-0.5069953891352319,1.4280301802158166,2.547049198209683,-2.733075480688251,12,NA
SSD,2017,151,1,AFR,9527,11908,0.8000503862949278,368,131,27,-0.20900756887960567,1.381511426436387,2.4771892497598036,-2.667568355272584,12,NA
SSD,2018,151,1,AFR,11547,14314,0.8066927483582507,361,108,40,0.08898025137602054,1.3408075168793858,1.9415963116440633,-1.81597572486891,12,NA
SSD,2019,151,1,AFR,14323,16949,0.8450646055814502,353,98,44,0.38696807163164676,1.294288763099956,1.708729816811133,-1.553947223206241,12,NA
SSD,2020,151,1,AFR,13417,16266,0.8248493790729128,346,98,43,0.684955891887273,1.253584853542955,1.708729816811133,-1.6194543486219084,12,1
SSD,2021,151,1,AFR,10239,12135,0.8437577255871446,339,91,47,0.9829437121428992,1.2128809439859538,1.5457232704280817,-1.3574258469592395,13,1
SSD,2022,151,1,AFR,15479,18865,0.8205141796978531,333,79,54,1.2809315323985255,1.1779918786513817,1.2662834766285649,-0.8988759690495689,12,1
SSD,2023,151,1,AFR,19470,22926,0.8492541219576027,326,63,64,1.5789193526541516,1.1372879690943805,0.8936970848958762,-0.24380471489289668,11,0
ESP,2012,50,4,EUR,4087,5738,0.7122690833042872,15,1,80,-1.6989466701577367,-0.6711285840809529,-0.550075183068293,0.8043092917577789,8.8,NA
ESP,2013,50,4,EUR,3992,5290,0.7546313799621929,14,0.83,82,-1.4009588499021106,-0.6769434283033815,-0.5540339134804528,0.9353235425891133,6.7,NA
ESP,2014,50,4,EUR,2708,4689,0.5775218596715718,12,0.79,83,-1.1029710296464843,-0.688573116748239,-0.5549653794597845,1.0008306680047805,7.3,NA
ESP,2016,50,4,EUR,3369,4903,0.6871303283703855,12,0.69,86,-0.5069953891352319,-0.688573116748239,-0.5572940444081138,1.1973520442517822,6.6,NA
ESP,2017,50,4,EUR,2739,4527,0.6050364479787939,11,0.66,86,-0.20900756887960567,-0.6943879609706677,-0.5579926438926126,1.1973520442517822,6.8,NA
ESP,2018,50,4,EUR,2065,4596,0.44930374238468235,11,0.68,86,0.08898025137602054,-0.6943879609706677,-0.5575269109029467,1.1973520442517822,6.8,NA
ESP,2019,50,4,EUR,2045,4386,0.4662562699498404,10,0.6,86,0.38696807163164676,-0.7002028051930964,-0.5593898428616101,1.1973520442517822,6.8,NA
ESP,2020,50,4,EUR,1864,3494,0.5334859759587864,7.2,0.52,86,0.684955891887273,-0.7164843690158968,-0.5612527748202736,1.1973520442517822,6.8,1
ESP,2021,50,4,EUR,980,2619,0.374188621611302,8.2,0.48,86,0.9829437121428992,-0.7106695247934681,-0.5621842407996053,1.1973520442517822,6.8,1
ESP,2022,50,4,EUR,2684,3640,0.7373626373626374,6.3,0.44,86,1.2809315323985255,-0.7217177288160828,-0.5631157067789371,1.1973520442517822,6.8,1
ESP,2023,50,4,EUR,1836,3030,0.6059405940594059,9.7,0.55,86,1.5789193526541516,-0.7019472584598251,-0.5605541753357748,1.1973520442517822,6.8,1
LKA,2013,95,5,SEA,7662,9010,0.8503884572697004,78,3.9,56,-1.4009588499021106,-0.3047933980679432,-0.48254389956674315,-0.7678617182182345,0.56,NA
LKA,2014,95,5,SEA,7550,8980,0.8407572383073497,74,3.4,59,-1.1029710296464843,-0.32805277495765806,-0.4941872243083897,-0.5713403419712327,0.28,NA
LKA,2015,95,5,SEA,7861,9293,0.8459055202840848,70,3.8,61,-0.8049832093908581,-0.35131215184737297,-0.4848725645150724,-0.44032609113989835,0.32,NA
LKA,2016,95,5,SEA,7371,8660,0.8511547344110855,66,3.5,60,-0.5069953891352319,-0.3745715287370879,-0.49185855936006034,-0.5058332165555656,0.15,NA
LKA,2017,95,5,SEA,7038,8328,0.8451008645533141,61,3.5,61,-0.20900756887960567,-0.4036457498492315,-0.49185855936006034,-0.44032609113989835,0.36,NA
LKA,2018,95,5,SEA,7284,8613,0.8456983629397422,58,3.5,66,0.08898025137602054,-0.4210902825165177,-0.49185855936006034,-0.11279046406156223,0.42,NA
LKA,2019,95,5,SEA,6929,8186,0.84644515025653555,57,3.4,65,0.38696807163164676,-0.42690512673894637,-0.4941872243083897,-0.17829758947722946,0.47,NA
LKA,2020,95,5,SEA,5815,7036,0.8264638999431495,55,3.6,56,0.684955891887273,-0.43853481518380383,-0.489529894411731,-0.7678617182182345,0.49,0
LKA,2021,95,5,SEA,5235,6551,0.7991146389864143,55,3.6,52,0.9829437121428992,-0.43853481518380383,-0.489529894411731,-1.0298902198809032,0.73,1
LKA,2022,95,5,SEA,6375,8109,0.7861635220125787,56,3.6,64,1.2809315323985255,-0.4327199709613751,-0.489529894411731,-0.24380471489289668,0.6,1
LKA,2023,95,5,SEA,7437,9271,0.8021788372343868,57,3.5,71,1.5789193526541516,-0.42690512673894637,-0.49185855936006034,0.21474516301677388,0.48,1
SDN,2013,143,3,EMR,14233,17396,0.8181765923200736,100,23,51,-1.4009588499021106,-0.17686682517451124,-0.037768894435845864,-1.0953973452965706,3.4,NA
SDN,2014,143,3,EMR,4754,5769,0.8240596290518287,94,21,53,-1.1029710296464843,-0.21175589050908358,-0.08434219340243196,-0.9643830944652361,3.1,NA
SDN,2017,143,3,EMR,16145,20188,0.7997325143649693,77,13,63,-0.20900756887960567,-0.3106082422903719,-0.27063538926877634,-0.3093118403085639,2.4,NA
SDN,2018,143,3,EMR,16851,20080,0.8391932270916335,71,12,64,0.08898025137602054,-0.34549730762494424,-0.2939220387520694,-0.24380471489289668,2.3,NA
SDN,2019,143,3,EMR,17095,20645,0.8280455316057157,67,10,65,0.38696807163164676,-0.36875668451465915,-0.3404953377186555,-0.17829758947722946,2.2,NA
SDN,2020,143,3,EMR,14922,17408,0.8571920955882353,62,12,60,0.684955891887273,-0.3978309056268028,-0.2939220387520694,-0.5058332165555656,2.2,1
SDN,2021,143,3,EMR,16514,18719,0.8822052460067311,58,9.9,66,0.9829437121428992,-0.4210902825165177,-0.3428240026669848,-0.11279046406156223,2.2,1
SDN,2022,143,3,EMR,13072,19675,0.6643964421855146,54,7.8,72,1.2809315323985255,-0.44434965940623256,-0.3917259665819002,0.2802522884324411,2.2,1
SDN,2023,143,3,EMR,8435,13625,0.6190825688073395,50,11,53,1.5789193526541516,-0.46760903629594747,-0.31720868823536247,-0.9643830944652361,2.2,1
SUR,2013,153,2,AMR,105,136,0.7720588235294118,37,3.7,67,-1.4009588499021106,-0.5432020111875209,-0.4872012294634017,-0.04728333864589502,23,NA
SUR,2014,153,2,AMR,112,146,0.7671232876712328,37,5.4,68,-1.1029710296464843,-0.5432020111875209,-0.4476139253418035,0.018223786769772203,29,NA
SUR,2015,153,2,AMR,106,140,0.7571428571428571,35,5.4,70,-0.8049832093908581,-0.5548316996323783,-0.4476139253418035,0.14923803760110665,30,NA
SUR,2016,153,2,AMR,77,114,0.6754385964912281,27,4.1,71,-0.5069953891352319,-0.6013504534118082,-0.4778865696700845,0.21474516301677388,23,NA
SUR,2017,153,2,AMR,94,129,0.7286821705426356,31,3.9,71,-0.20900756887960567,-0.5780910765220932,-0.48254389956674315,0.21474516301677388,18,NA
SUR,2018,153,2,AMR,151,174,0.867816091954023,41,4,71,0.08898025137602054,-0.519942634297806,-0.4802152346184138,0.21474516301677388,15,NA
SUR,2019,153,2,AMR,105,133,0.7894736842105263,31,4.7,71,0.38696807163164676,-0.5780910765220932,-0.46391457998010865,0.21474516301677388,27,NA
SUR,2020,153,2,AMR,77,103,0.7475728155339806,25,4,66,0.684955891887273,-0.6129801418566656,-0.4802152346184138,-0.11279046406156223,22,1
SUR,2021,153,2,AMR,59,82,0.7195121951219512,23,4.4,61,0.9829437121428992,-0.6246098303015231,-0.4709005748250965,-0.44032609113989835,19,1
SUR,2022,153,2,AMR,81,111,0.7297297297297297,32,3.2,61,1.2809315323985255,-0.5722762322996645,-0.49884455420504825,-0.44032609113989835,15,1
SUR,2023,153,2,AMR,77,107,0.719626168224299,31,2.8,61,1.5789193526541516,-0.5780910765220932,-0.5081592139983654,-0.44032609113989835,12,1
SWE,2012,156,4,EUR,482,579,0.8324697754749568,7.6,0.45,82,-1.6989466701577367,-0.7141584313269255,-0.5628828402841042,0.9353235425891133,2.1,NA
SWE,2013,156,4,EUR,535,597,0.8961474036850922,7.7,0.48,83,-1.4009588499021106,-0.7135769469046825,-0.5621842407996053,1.0008306680047805,1.9,NA
SWE,2014,156,4,EUR,535,610,0.8770491803278688,7.8,0.34,84,-1.1029710296464843,-0.7129954624824396,-0.5654443717272664,1.0663377934204477,1.9,NA
SWE,2015,156,4,EUR,659,754,0.8740053050397878,9.4,0.29,85,-0.8049832093908581,-0.7036917117265536,-0.5666087042014311,1.131844918836115,1.9,NA
SWE,2016,156,4,EUR,607,669,0.9073243647234679,8.3,0.29,85,-0.5069953891352319,-0.7100880403712253,-0.5666087042014311,1.131844918836115,2,NA
SWE,2017,156,4,EUR,413,477,0.8658280922431866,5.7,0.25,85,-0.20900756887960567,-0.72520663534954,-0.5675401701807627,1.131844918836115,2.1,NA
SWE,2018,156,4,EUR,361,463,0.7796976241900648,5.5,0.24,86,0.08898025137602054,-0.7263696041940257,-0.5677730366755958,1.1973520442517822,2.2,NA
SWE,2019,156,4,EUR,286,468,0.6111111111111112,5.4,0.2,86,0.38696807163164676,-0.7269510886162686,-0.5687045026549274,1.1973520442517822,2.2,NA
SWE,2020,156,4,EUR,222,307,0.7231270358306189,3.6,0.14,86,0.684955891887273,-0.7374178082166403,-0.5701017016239249,1.1973520442517822,2.2,1
SWE,2021,156,4,EUR,284,334,0.8502994011976048,3.8,0.23,86,0.9829437121428992,-0.7362548393721545,-0.5680059031704285,1.1973520442517822,2.2,1
SWE,2022,156,4,EUR,298,342,0.8713450292397661,4,0.2,86,1.2809315323985255,-0.7350918705276688,-0.5687045026549274,1.1973520442517822,2.2,1
SWE,2023,156,4,EUR,295,327,0.9021406727828746,3.8,0.2,86,1.5789193526541516,-0.7362548393721545,-0.5687045026549274,1.1973520442517822,2.2,1
CHE,2016,28,4,EUR,384,565,0.679646017699115,8,0.37,85,-0.5069953891352319,-0.7118324936379539,-0.5647457722427676,1.131844918836115,4.7,NA
CHE,2017,28,4,EUR,406,518,0.7837837837837838,7.3,0.26,86,-0.20900756887960567,-0.715902884593654,-0.5673073036859297,1.1973520442517822,4.7,NA
CHE,2018,28,4,EUR,309,376,0.8218085106382979,6.4,0.35,86,0.08898025137602054,-0.7211362443938398,-0.5652115052324334,1.1973520442517822,4.7,NA
CHE,2019,28,4,EUR,267,391,0.6828644501278772,5.4,0.14,87,0.38696807163164676,-0.7269510886162686,-0.5701017016239249,1.2628591696674494,4.6,NA
CHE,2020,28,4,EUR,254,342,0.7426900584795322,4.7,0.2,87,0.684955891887273,-0.7310214795719687,-0.5687045026549274,1.2628591696674494,4.6,1
CHE,2021,28,4,EUR,246,326,0.754601226993865,4.7,0.22,87,0.9829437121428992,-0.7310214795719687,-0.5682387696652615,1.2628591696674494,4.6,1
CHE,2022,28,4,EUR,215,329,0.6534954407294833,4.5,0.18,87,1.2809315323985255,-0.7321844484164545,-0.5691702356445932,1.2628591696674494,4.6,1
CHE,2023,28,4,EUR,235,404,0.5816831683168316,5.4,0.16,87,1.5789193526541516,-0.7269510886162686,-0.5696359686342591,1.2628591696674494,4.6,1
SYR,2012,158,3,EMR,1637,3099,0.5282349144885446,24,0.14,55,-1.6989466701577367,-0.6187949860790943,-0.5701017016239249,-0.8333688436339016,0.09,NA
SYR,2013,158,3,EMR,2185,2739,0.7977364001460387,23,0.14,56,-1.4009588499021106,-0.6246098303015231,-0.5701017016239249,-0.7678617182182345,0.1,NA
SYR,2014,158,3,EMR,2357,3390,0.6952802359882005,31,0.15,56,-1.1029710296464843,-0.5780910765220932,-0.569868835129092,-0.7678617182182345,0.1,NA
SYR,2015,158,3,EMR,2637,2908,0.9068088033012379,26,0.14,57,-0.8049832093908581,-0.6071652976342369,-0.5701017016239249,-0.7023545928025672,0.1,NA
SYR,2016,158,3,EMR,2875,3191,0.9009714822939517,27,0.14,58,-0.5069953891352319,-0.6013504534118082,-0.5701017016239249,-0.6368474673869,0.1,NA
SYR,2017,158,3,EMR,2450,2845,0.8611599297012302,24,0.14,60,-0.20900756887960567,-0.6187949860790943,-0.5701017016239249,-0.5058332165555656,0.1,NA
SYR,2018,158,3,EMR,2395,2685,0.8919925512104283,22,0.14,60,0.08898025137602054,-0.6304246745239518,-0.5701017016239249,-0.5058332165555656,0.1,NA
SYR,2019,158,3,EMR,2380,2681,0.8877284595300261,21,0.14,61,0.38696807163164676,-0.6362395187463805,-0.5701017016239249,-0.44032609113989835,0.1,NA
SYR,2020,158,3,EMR,2390,2639,0.9056460780598712,20,0.14,62,0.684955891887273,-0.6420543629688092,-0.5701017016239249,-0.3748189657242311,0.1,1
SYR,2021,158,3,EMR,3143,3290,0.9553191489361702,24,0.14,62,0.9829437121428992,-0.6187949860790943,-0.5701017016239249,-0.3748189657242311,0.1,1
SYR,2022,158,3,EMR,2846,3068,0.9276401564537158,22,0.14,62,1.2809315323985255,-0.6304246745239518,-0.5701017016239249,-0.3748189657242311,0.1,1
TJK,2012,162,4,EUR,4845,5811,0.8337635518843572,147,11,55,-1.6989466701577367,0.09643085327963881,-0.31720868823536247,-0.8333688436339016,1.4,NA
TJK,2013,162,4,EUR,4619,5263,0.8776363290898727,135,11,50,-1.4009588499021106,0.026652722610494114,-0.31720868823536247,-1.1609044707122378,2.1,NA
TJK,2014,162,4,EUR,4606,5149,0.8945426296368227,122,11,56,-1.1029710296464843,-0.04894025228107931,-0.31720868823536247,-0.7678617182182345,2.8,NA
TJK,2015,162,4,EUR,4734,5298,0.8935447338618346,111,10,61,-0.8049832093908581,-0.11290353872779528,-0.3404953377186555,-0.44032609113989835,2.7,NA
TJK,2016,162,4,EUR,4751,5324,0.892374154770849,102,9.9,66,-0.5069953891352319,-0.1652371367296538,-0.3428240026669848,-0.11279046406156223,3.4,NA
TJK,2017,162,4,EUR,4789,5259,0.9106293972238068,94,9.5,69,-0.20900756887960567,-0.21175589050908358,-0.352138662460302,0.08373091218543942,3.7,NA
TJK,2018,162,4,EUR,4452,4995,0.8912912912912913,86,9.2,71,0.08898025137602054,-0.2582746442885134,-0.35912465730529,0.21474516301677388,4.1,NA
TJK,2019,162,4,EUR,4643,5114,0.9078998826750098,80,8.5,76,0.38696807163164676,-0.29316370962308574,-0.3754253119435951,0.54228079009511,3,NA
TJK,2020,162,4,EUR,3332,3646,0.913878222709819,77,8.5,55,0.684955891887273,-0.3106082422903719,-0.3754253119435951,-0.8333688436339016,2.9,1
TJK,2021,162,4,EUR,3347,3635,0.9207702888583219,76,8.9,55,0.9829437121428992,-0.31642308651280066,-0.3661106521502778,-0.8333688436339016,2.9,1
TJK,2022,162,4,EUR,3497,3809,0.9180887372013652,77,8.8,55,1.2809315323985255,-0.3106082422903719,-0.36843931709860717,-0.8333688436339016,2.6,1
TJK,2023,162,4,EUR,3689,3959,0.931800959838343,76,8.2,56,1.5789193526541516,-0.31642308651280066,-0.382411306788583,-0.7678617182182345,3,1
THA,2012,161,5,SEA,47369,58185,0.814110165850305,172,24,50,-1.6989466701577367,0.2418019588403569,-0.014482244952552814,-1.1609044707122378,13,NA
THA,2013,161,5,SEA,53602,65867,0.8137914281810315,170,24,53,-1.4009588499021106,0.23017227039549948,-0.014482244952552814,-0.9643830944652361,15,NA
THA,2014,161,5,SEA,47256,58774,0.8040289924116105,167,23,58,-1.1029710296464843,0.2127277377282133,-0.037768894435845864,-0.6368474673869,13,NA
THA,2015,161,5,SEA,47011,59399,0.7914443004090977,163,23,54,-0.8049832093908581,0.1894683608384984,-0.037768894435845864,-0.8988759690495689,13,NA
THA,2016,161,5,SEA,56456,68146,0.8284565491738326,160,20,62,-0.5069953891352319,0.17202382817121223,-0.10762884288572501,-0.3748189657242311,11,NA
THA,2017,161,5,SEA,67492,80160,0.8419660678642714,156,19,72,-0.20900756887960567,0.14876445128149732,-0.13091549236901806,0.2802522884324411,11,NA
THA,2018,161,5,SEA,72445,85029,0.8520034341224758,153,17,78,0.08898025137602054,0.13131991861421116,-0.17748879133560416,0.6732950409264444,10,NA
THA,2019,161,5,SEA,74021,87083,0.8500051674838947,150,17,82,0.38696807163164676,0.11387538594692498,-0.17748879133560416,0.9353235425891133,10,NA
THA,2020,161,5,SEA,71435,85837,0.83221687617228,144,16,83,0.684955891887273,0.07898632061235264,-0.2007754408188972,1.0008306680047805,9.2,1
THA,2021,161,5,SEA,60765,71488,0.8500027976723367,143,17,70,0.9829437121428992,0.07317147638992391,-0.17748879133560416,0.14923803760110665,9,0
THA,2022,161,5,SEA,58253,72274,0.8060021584525555,148,18,68,1.2809315323985255,0.10224569750206754,-0.1542021418523111,0.018223786769772203,8.7,0
THA,2023,161,5,SEA,65531,80209,0.817003079454924,149,16,75,1.5789193526541516,0.10806054172449625,-0.2007754408188972,0.47677366467944277,8,1
TLS,2013,164,5,SEA,3120,3718,0.8391608391608392,530,98,61,-1.4009588499021106,2.3235161904698405,1.708729816811133,-0.44032609113989835,0.04,NA
TLS,2014,164,5,SEA,3056,3657,0.8356576428766749,483,84,64,-1.1029710296464843,2.0502185120156904,1.3827167240450302,-0.24380471489289668,0.04,NA
TLS,2015,164,5,SEA,1435,1650,0.8696969696969697,437,78,63,-0.8049832093908581,1.782735677783969,1.2429968271452718,-0.3093118403085639,0.86,NA
TLS,2016,164,5,SEA,3297,3718,0.8867670790747714,403,57,73,-0.5069953891352319,1.5850309742213924,0.7539771879961179,0.3457594138481083,1.7,NA
TLS,2017,164,5,SEA,3058,3470,0.8812680115273775,384,55,72,-0.20900756887960567,1.4745489339952464,0.7074038890295317,0.2802522884324411,0.91,NA
TLS,2018,164,5,SEA,3337,3782,0.8823373876255949,374,43,79,0.08898025137602054,1.4164004917709592,0.4279640952300151,0.7388021663421116,1.2,NA
TLS,2019,164,5,SEA,3701,4050,0.9138271604938272,373,36,83,0.38696807163164676,1.4105856475485306,0.26495754884696376,1.0008306680047805,0.92,NA
TLS,2020,164,5,SEA,2944,3225,0.9128682170542636,381,67,64,0.684955891887273,1.4571044013279604,0.9868436828290483,-0.24380471489289668,1.5,1
TLS,2021,164,5,SEA,2953,3193,0.9248355778264955,398,77,59,0.9829437121428992,1.5559567531092486,1.219710177661979,-0.5713403419712327,1,1
TLS,2022,164,5,SEA,4920,5249,0.9373213945513431,422,28,91,1.2809315323985255,1.695513014447538,0.07866435298061938,1.5248876713301183,0.71,1
TLS,2023,164,5,SEA,5619,6027,0.9323046291687407,455,22,96,1.5789193526541516,1.887402873787686,-0.061055543919138915,1.8524232984084543,0.91,1
TGO,2013,160,1,AFR,2326,2644,0.8797276853252648,72,19,50,-1.4009588499021106,-0.3396824634025155,-0.13091549236901806,-1.1609044707122378,20,NA
TGO,2017,160,1,AFR,2091,2551,0.8196785574284594,54,12,58,-0.20900756887960567,-0.44434965940623256,-0.2939220387520694,-0.6368474673869,18,NA
TGO,2018,160,1,AFR,1948,2413,0.807293825113966,51,12,57,0.08898025137602054,-0.46179419207351874,-0.2939220387520694,-0.7023545928025672,17,NA
TGO,2019,160,1,AFR,2236,2576,0.8680124223602484,49,10,62,0.38696807163164676,-0.4734238805183762,-0.3404953377186555,-0.3748189657242311,16,NA
TGO,2020,160,1,AFR,1988,2312,0.8598615916955017,48,11,56,0.684955891887273,-0.4792387247408049,-0.31720868823536247,-0.7678617182182345,17,1
TGO,2021,160,1,AFR,2112,2420,0.8727272727272727,47,10,59,0.9829437121428992,-0.48505356896323365,-0.3404953377186555,-0.5713403419712327,13,1
TGO,2022,160,1,AFR,2602,3041,0.8556395922393949,47,7.4,72,1.2809315323985255,-0.48505356896323365,-0.40104062637521737,0.2802522884324411,13,1
TGO,2023,160,1,AFR,2613,3065,0.8525285481239804,47,7.8,71,1.5789193526541516,-0.48505356896323365,-0.3917259665819002,0.21474516301677388,13,1
TTO,2012,165,2,AMR,176,278,0.6330935251798561,27,3.2,72,-1.6989466701577367,-0.6013504534118082,-0.49884455420504825,0.2802522884324411,26,NA
TTO,2013,165,2,AMR,156,250,0.624,24,2.9,74,-1.4009588499021106,-0.6187949860790943,-0.5058305490500362,0.41126653926377554,22,NA
TTO,2014,165,2,AMR,160,251,0.6374501992031872,24,3,75,-1.1029710296464843,-0.6187949860790943,-0.5035018841017068,0.47677366467944277,25,NA
TTO,2015,165,2,AMR,124,196,0.6326530612244898,18,2.2,76,-0.8049832093908581,-0.6536840514136667,-0.5221312036883413,0.54228079009511,16,NA
TTO,2016,165,2,AMR,161,214,0.7523364485981309,20,2.5,76,-0.5069953891352319,-0.6420543629688092,-0.5151452088433534,0.54228079009511,21,NA
TTO,2017,165,2,AMR,133,200,0.665,18,2,76,-0.20900756887960567,-0.6536840514136667,-0.5267885335849999,0.54228079009511,12,NA
TTO,2018,165,2,AMR,163,253,0.6442687747035574,23,2.3,76,0.08898025137602054,-0.6246098303015231,-0.5198025387400119,0.54228079009511,15,NA
TTO,2019,165,2,AMR,132,217,0.6082949308755761,19,2.3,76,0.38696807163164676,-0.647869207191238,-0.5198025387400119,0.54228079009511,16,NA
TTO,2020,165,2,AMR,153,220,0.6954545454545454,20,2.3,75,0.684955891887273,-0.6420543629688092,-0.5198025387400119,0.47677366467944277,16,1
TTO,2021,165,2,AMR,120,166,0.7228915662650602,15,1.9,74,0.9829437121428992,-0.6711285840809529,-0.5291171985333293,0.41126653926377554,11,1
TTO,2022,165,2,AMR,173,243,0.7119341563786008,22,2.2,74,1.2809315323985255,-0.6304246745239518,-0.5221312036883413,0.41126653926377554,12,1
TTO,2023,165,2,AMR,182,276,0.6594202898550725,25,2.8,74,1.5789193526541516,-0.6129801418566656,-0.5081592139983654,0.41126653926377554,20,1
TUN,2013,166,3,EMR,2749,3032,0.9066622691292876,46,1.6,59,-1.4009588499021106,-0.4908684131856624,-0.5361031933783171,-0.5713403419712327,0.83,NA
TUN,2014,166,3,EMR,2843,3134,0.9071474154435226,47,1.5,59,-1.1029710296464843,-0.48505356896323365,-0.5384318583266464,-0.5713403419712327,0.52,NA
TUN,2015,166,3,EMR,3049,3357,0.9082514149538278,50,1.4,60,-0.8049832093908581,-0.46760903629594747,-0.5407605232749758,-0.5058332165555656,0.56,NA
TUN,2016,166,3,EMR,3023,3416,0.8849531615925058,49,1.5,61,-0.5069953891352319,-0.4734238805183762,-0.5384318583266464,-0.44032609113989835,1.1,NA
TUN,2017,166,3,EMR,2761,3087,0.894395853579527,43,1.3,62,-0.20900756887960567,-0.5083129458529485,-0.543089188223305,-0.3748189657242311,0.46,NA
TUN,2019,166,3,EMR,2967,3297,0.899909008189263,42,1.3,66,0.38696807163164676,-0.5141277900753772,-0.543089188223305,-0.11279046406156223,0.73,NA
TUN,2020,166,3,EMR,2325,2647,0.8783528522856063,41,1.3,54,0.684955891887273,-0.519942634297806,-0.543089188223305,-0.8988759690495689,0.73,1
TUN,2021,166,3,EMR,2216,2647,0.837174159425765,40,1.3,54,0.9829437121428992,-0.5257574785202347,-0.543089188223305,-0.8988759690495689,0.73,1
TUN,2022,166,3,EMR,3030,3264,0.9283088235294118,39,1.3,68,1.2809315323985255,-0.5315723227426634,-0.543089188223305,0.018223786769772203,0.73,1
TUR,2013,167,4,EUR,11373,13170,0.8635535307517084,25,0.81,70,-1.4009588499021106,-0.6129801418566656,-0.5544996464701186,0.14923803760110665,0.36,NA
TUR,2014,167,4,EUR,11245,12933,0.8694811721951596,23,0.77,73,-1.1029710296464843,-0.6246098303015231,-0.5554311124494503,0.3457594138481083,0.48,NA
TUR,2015,167,4,EUR,10735,12362,0.8683869923960524,21,0.72,76,-0.8049832093908581,-0.6362395187463805,-0.556595444923615,0.54228079009511,0.67,NA
TUR,2016,167,4,EUR,10462,12017,0.870599983356911,20,0.71,76,-0.5069953891352319,-0.6420543629688092,-0.5568283114184479,0.54228079009511,0.66,NA
TUR,2017,167,4,EUR,10014,11638,0.8604571232170476,19,0.62,76,-0.20900756887960567,-0.647869207191238,-0.5589241098719443,0.54228079009511,0.77,NA
TUR,2018,167,4,EUR,9691,11407,0.849566055930569,18,0.57,76,0.08898025137602054,-0.6536840514136667,-0.560088442346109,0.54228079009511,0.81,NA
TUR,2019,167,4,EUR,9231,11095,0.83199639477242,17,0.54,76,0.38696807163164676,-0.6594988956360954,-0.5607870418306078,0.54228079009511,1.2,NA
TUR,2020,167,4,EUR,7125,8820,0.8078231292517006,16,0.47,63,0.684955891887273,-0.6653137398585242,-0.5624171072944383,-0.3093118403085639,1.2,1
TUR,2021,167,4,EUR,7192,8947,0.8038448642002906,16,0.42,67,0.9829437121428992,-0.6653137398585242,-0.5635814397686029,-0.04728333864589502,1.2,1
TUR,2022,167,4,EUR,7628,9593,0.7951631397894298,15,0.48,76,1.2809315323985255,-0.6711285840809529,-0.5621842407996053,0.54228079009511,1.6,1
TUR,2023,167,4,EUR,7470,9199,0.8120447874768997,14,0.46,78,1.5789193526541516,-0.6769434283033815,-0.5626499737892712,0.6732950409264444,1.3,1
TKM,2014,163,4,EUR,1797,2122,0.84684260131951,61,15,69,-1.1029710296464843,-0.4036457498492315,-0.22406209030219026,0.08373091218543942,22,NA
TKM,2016,163,4,EUR,1738,2068,0.8404255319148937,46,13,71,-0.5069953891352319,-0.4908684131856624,-0.27063538926877634,0.21474516301677388,22,NA
TKM,2017,163,4,EUR,1676,1968,0.8516260162601627,42,13,72,-0.20900756887960567,-0.5141277900753772,-0.27063538926877634,0.2802522884324411,22,NA
TKM,2018,163,4,EUR,1780,2157,0.8252202132591563,44,13,73,0.08898025137602054,-0.5024981016305198,-0.27063538926877634,0.3457594138481083,22,NA
TKM,2019,163,4,EUR,1749,2117,0.8261691072272083,42,13,74,0.38696807163164676,-0.5141277900753772,-0.27063538926877634,0.41126653926377554,22,NA
TKM,2020,163,4,EUR,1599,1918,0.8336809176225235,37,12,75,0.684955891887273,-0.5432020111875209,-0.2939220387520694,0.47677366467944277,22,0
TKM,2021,163,4,EUR,1515,1878,0.8067092651757188,35,12,76,0.9829437121428992,-0.5548316996323783,-0.2939220387520694,0.54228079009511,22,1
TKM,2022,163,4,EUR,2186,2605,0.8391554702495202,46,13,76,1.2809315323985255,-0.4908684131856624,-0.27063538926877634,0.54228079009511,22,1
TKM,2023,163,4,EUR,1606,1902,0.8443743427970557,41,13,76,1.5789193526541516,-0.519942634297806,-0.27063538926877634,0.54228079009511,22,1
UGA,2012,169,1,AFR,20304,26250,0.7734857142857143,205,53,63,-1.6989466701577367,0.43369181818050484,0.6608305900629456,-0.3093118403085639,50,NA
UGA,2013,169,1,AFR,33379,44605,0.7483241789037104,203,52,63,-1.4009588499021106,0.4220621297356474,0.6375439405796526,-0.3093118403085639,48,NA
UGA,2014,169,1,AFR,32779,43628,0.7513294214724489,202,55,60,-1.1029710296464843,0.41624728551321866,0.7074038890295317,-0.5058332165555656,45,NA
UGA,2015,169,1,AFR,31215,41516,0.7518787937180846,202,59,55,-0.8049832093908581,0.41624728551321866,0.800550486962704,-0.8333688436339016,42,NA
UGA,2016,169,1,AFR,32772,42628,0.7687904663601389,201,59,56,-0.5069953891352319,0.41043244129078993,0.800550486962704,-0.7678617182182345,43,NA
UGA,2017,169,1,AFR,32330,45099,0.7168673363045743,201,56,57,-0.20900756887960567,0.41043244129078993,0.7306905385128247,-0.7023545928025672,40,NA
UGA,2018,169,1,AFR,40477,54359,0.7446237053661767,200,46,67,0.08898025137602054,0.4046175970683612,0.49782404367989425,-0.04728333864589502,40,NA
UGA,2019,169,1,AFR,51808,63028,0.8219838801802374,200,36,77,0.38696807163164676,0.4046175970683612,0.26495754884696376,0.6077879155107772,39,NA
UGA,2020,169,1,AFR,51617,60429,0.8541759751112876,199,41,69,0.684955891887273,0.3988027528459325,0.38139079626342903,0.08373091218543942,33,1
UGA,2021,169,1,AFR,65434,74704,0.8759102591561362,199,27,82,0.9829437121428992,0.3988027528459325,0.05537770349732633,0.9353235425891133,32,1
UGA,2022,169,1,AFR,84173,93360,0.901595972579263,198,9.9,100,1.2809315323985255,0.39298790862350375,-0.3428240026669848,2.1144518000711234,33,1
UGA,2023,169,1,AFR,78980,86001,0.9183614144021581,198,20,90,1.5789193526541516,0.39298790862350375,-0.10762884288572501,1.459380545914451,37,1
UKR,2012,170,4,EUR,21922,30928,0.7088075530263839,127,20,70,-1.6989466701577367,-0.019866031168935684,-0.10762884288572501,0.14923803760110665,14,NA
UKR,2013,170,4,EUR,20959,29726,0.7050730000672811,120,22,66,-1.4009588499021106,-0.06056994072593676,-0.061055543919138915,-0.11279046406156223,20,NA
UKR,2014,170,4,EUR,16109,22294,0.7225710953619808,115,21,60,-1.1029710296464843,-0.08964416183808038,-0.08434219340243196,-0.5058332165555656,20,NA
UKR,2015,170,4,EUR,17939,23892,0.7508371002846141,108,20,61,-0.8049832093908581,-0.13034807139508145,-0.10762884288572501,-0.44032609113989835,22,NA
UKR,2016,170,4,EUR,17234,22615,0.762060579261552,99,17,64,-0.5069953891352319,-0.18268166939693997,-0.17748879133560416,-0.24380471489289668,21,NA
UKR,2017,170,4,EUR,16189,21165,0.7648948736120954,90,15,67,-0.20900756887960567,-0.2350152673987985,-0.22406209030219026,-0.04728333864589502,22,NA
UKR,2018,170,4,EUR,15607,20221,0.7718213738192967,82,14,72,0.08898025137602054,-0.2815340211782283,-0.2473487397854833,0.2802522884324411,23,NA
UKR,2019,170,4,EUR,15381,19414,0.7922633151334089,76,13,74,0.38696807163164676,-0.31642308651280066,-0.27063538926877634,0.41126653926377554,23,NA
UKR,2020,170,4,EUR,10232,13218,0.7740959297927069,75,11,53,0.684955891887273,-0.3222379307352294,-0.31720868823536247,-0.9643830944652361,21,1
UKR,2021,170,4,EUR,10755,14396,0.7470825229230342,81,12,51,0.9829437121428992,-0.287348865400657,-0.2939220387520694,-1.0953973452965706,22,1
UKR,2022,170,4,EUR,11534,14889,0.7746658607025321,87,12,52,1.2809315323985255,-0.25245980006608465,-0.2939220387520694,-1.0298902198809032,22,1
UKR,2023,170,4,EUR,12886,16803,0.7668868654406951,89,12,60,1.5789193526541516,-0.24083011162122722,-0.2939220387520694,-0.5058332165555656,21,1
ARE,2012,4,3,EMR,60,79,0.759493670886076,1.7,0.72,62,-1.6989466701577367,-0.7484660122392549,-0.556595444923615,-0.3748189657242311,7.5,NA
ARE,2013,4,3,EMR,61,81,0.7530864197530864,1.6,0.69,64,-1.4009588499021106,-0.7490474966614977,-0.5572940444081138,-0.24380471489289668,3.7,NA
ARE,2014,4,3,EMR,52,57,0.9122807017543859,1.1,0.69,66,-1.1029710296464843,-0.7519549187727121,-0.5572940444081138,-0.11279046406156223,4.8,NA
ARE,2015,4,3,EMR,51,60,0.85,1,0.68,68,-0.8049832093908581,-0.752536403194955,-0.5575269109029467,0.018223786769772203,3.5,NA
ARE,2016,4,3,EMR,56,64,0.875,1,0.7,69,-0.5069953891352319,-0.752536403194955,-0.5570611779132809,0.08373091218543942,9.3,NA
ARE,2017,4,3,EMR,58,66,0.8787878787878788,1,0.7,70,-0.20900756887960567,-0.752536403194955,-0.5570611779132809,0.14923803760110665,8.5,NA
ARE,2018,4,3,EMR,65,81,0.8024691358024691,1.2,0.68,71,0.08898025137602054,-0.7513734343504693,-0.5575269109029467,0.21474516301677388,3,NA
ARE,2019,4,3,EMR,64,79,0.810126582278481,1.2,0.67,72,0.38696807163164676,-0.7513734343504693,-0.5577597773977796,0.2802522884324411,0,NA
ARE,2020,4,3,EMR,48,62,0.7741935483870968,0.85,0.69,77,0.684955891887273,-0.7534086298283194,-0.5572940444081138,0.6077879155107772,5.8,1
ARE,2021,4,3,EMR,56,66,0.8484848484848485,0.82,0.68,82,0.9829437121428992,-0.7535830751549922,-0.5575269109029467,0.9353235425891133,2,1
ARE,2022,4,3,EMR,55,63,0.873015873015873,0.77,0.68,82,1.2809315323985255,-0.7538738173661135,-0.5575269109029467,0.9353235425891133,2.2,1
ARE,2023,4,3,EMR,51,65,0.7846153846153846,0.76,0.68,82,1.5789193526541516,-0.7539319658083379,-0.5575269109029467,0.9353235425891133,5.4,1
GBR,2012,58,4,EUR,6501,8141,0.7985505466158949,15,0.61,89,-1.6989466701577367,-0.6711285840809529,-0.5591569763667773,1.393873420498784,4,NA
GBR,2013,58,4,EUR,5951,7293,0.8159879336349924,13,0.62,89,-1.4009588499021106,-0.6827582725258102,-0.5589241098719443,1.393873420498784,3.8,NA
GBR,2014,58,4,EUR,5289,6512,0.8121928746928747,11,0.61,89,-1.1029710296464843,-0.6943879609706677,-0.5591569763667773,1.393873420498784,3.4,NA
GBR,2015,58,4,EUR,4594,5802,0.7917959324370907,10,0.58,89,-0.8049832093908581,-0.7002028051930964,-0.5598555758512761,1.393873420498784,3.3,NA
GBR,2016,58,4,EUR,4570,5675,0.8052863436123348,9.9,0.51,89,-0.5069953891352319,-0.7007842896153393,-0.5614856413151065,1.393873420498784,3.4,NA
GBR,2017,58,4,EUR,4216,5176,0.8145285935085008,8.9,0.44,89,-0.20900756887960567,-0.7065991338377681,-0.5631157067789371,1.393873420498784,2.9,NA
GBR,2018,58,4,EUR,3724,4684,0.7950469684030743,8,0.44,89,0.08898025137602054,-0.7118324936379539,-0.5631157067789371,1.393873420498784,2.8,NA
GBR,2019,58,4,EUR,3675,4739,0.7754800590841949,8.1,0.38,89,0.38696807163164676,-0.711251009215711,-0.5645129057479347,1.393873420498784,3.5,NA
GBR,2020,58,4,EUR,3409,4386,0.7772457820337437,7,0.38,89,0.684955891887273,-0.7176473378603826,-0.5645129057479347,1.393873420498784,3.5,0
GBR,2021,58,4,EUR,4059,4707,0.8623326959847036,7.9,0.35,89,0.9829437121428992,-0.7124139780601968,-0.5652115052324334,1.393873420498784,3.5,1
GBR,2022,58,4,EUR,3873,4607,0.8406772303017148,7.8,0.39,89,1.2809315323985255,-0.7129954624824396,-0.5642800392531017,1.393873420498784,3.5,1
GBR,2023,58,4,EUR,4432,5159,0.8590812172901725,8.6,0.39,89,1.5789193526541516,-0.7083435871044967,-0.5642800392531017,1.393873420498784,3.5,1
TZA,2012,168,1,AFR,55982,62477,0.8960417433615571,378,146,35,-1.6989466701577367,1.439659868660674,2.826488992009199,-2.143511351947246,38,NA
TZA,2013,168,1,AFR,57989,64053,0.9053283999188172,336,121,39,-1.4009588499021106,1.1954364113186677,2.244322754926873,-1.8814828502845773,37,NA
TZA,2014,168,1,AFR,55399,61573,0.8997287772237832,327,119,37,-1.1029710296464843,1.1431028133168093,2.197749455960287,-2.012497101115912,35,NA
TZA,2015,168,1,AFR,54565,60895,0.8960505788652599,306,111,38,-0.8049832093908581,1.020991084645806,2.0114562600939427,-1.9469899757002445,36,NA
TZA,2016,168,1,AFR,58159,64609,0.9001687071460632,287,97,42,-0.5069953891352319,0.9105090444196602,1.6854431673278398,-1.6849614740375756,34,NA
TZA,2017,168,1,AFR,61409,68278,0.8993965845513928,269,84,46,-0.20900756887960567,0.8058418484159432,1.3827167240450302,-1.4229329723749067,31,NA
TZA,2018,168,1,AFR,68360,74067,0.9229481415475178,253,70,51,0.08898025137602054,0.7128043408570836,1.0567036312789275,-1.0953973452965706,28,NA
TZA,2019,168,1,AFR,75484,80752,0.9347632256786209,237,56,58,0.38696807163164676,0.619766833298224,0.7306905385128247,-0.6368474673869,24,NA
TZA,2020,168,1,AFR,80709,84467,0.9555092521339695,222,48,63,0.684955891887273,0.5325441699617931,0.5443973426464803,-0.3093118403085639,21,1
TZA,2021,168,1,AFR,82496,86382,0.955013776018152,208,40,66,0.9829437121428992,0.451136350847791,0.35810414678013597,-0.11279046406156223,18,1
TZA,2022,168,1,AFR,95951,99817,0.9612691224941643,195,26,79,1.2809315323985255,0.37554337595621756,0.03209105401403328,0.7388021663421116,17,1
TZA,2023,168,1,AFR,88173,92127,0.957080986030154,183,27,76,1.5789193526541516,0.3057652452870729,0.05537770349732633,0.54228079009511,17,1
USA,2014,172,2,AMR,6990,8237,0.8486099308000485,3.3,0.2,84,-1.1029710296464843,-0.7391622614833689,-0.5687045026549274,1.0663377934204477,6.1,NA
USA,2015,172,2,AMR,7394,8953,0.825868423991958,3.3,0.19,85,-0.8049832093908581,-0.7391622614833689,-0.5689373691497603,1.131844918836115,5.5,NA
USA,2016,172,2,AMR,6931,8713,0.795478021347412,3.1,0.2,85,-0.5069953891352319,-0.7403252303278547,-0.5687045026549274,1.131844918836115,5.7,NA
USA,2017,172,2,AMR,6549,8536,0.7672211808809747,3,0.19,86,-0.20900756887960567,-0.7409067147500975,-0.5689373691497603,1.1973520442517822,5.3,NA
USA,2020,172,2,AMR,4769,6414,0.7435297786092921,2.4,0.21,86,0.684955891887273,-0.7443956212835547,-0.5684716361600944,1.1973520442517822,4.8,0
URY,2012,171,2,AMR,635,815,0.7791411042944786,31,2.6,77,-1.6989466701577367,-0.5780910765220932,-0.5128165438950241,0.6077879155107772,16,NA
URY,2013,171,2,AMR,694,878,0.7904328018223234,34,3.1,78,-1.4009588499021106,-0.5606465438548071,-0.5011732191533775,0.6732950409264444,14,NA
URY,2014,171,2,AMR,634,843,0.7520759193357058,33,3.5,79,-1.1029710296464843,-0.5664613880772358,-0.49185855936006034,0.7388021663421116,16,NA
URY,2015,171,2,AMR,698,906,0.7704194260485652,33,3.9,80,-0.8049832093908581,-0.5664613880772358,-0.48254389956674315,0.8043092917577789,16,NA
URY,2016,171,2,AMR,640,878,0.7289293849658315,32,3.1,80,-0.5069953891352319,-0.5722762322996645,-0.5011732191533775,0.8043092917577789,16,NA
URY,2017,171,2,AMR,668,921,0.7252985884907709,34,3.1,81,-0.20900756887960567,-0.5606465438548071,-0.5011732191533775,0.869816417173446,16,NA
URY,2018,171,2,AMR,716,996,0.7188755020080321,36,3.3,82,0.08898025137602054,-0.5490168554099496,-0.4965158892567189,0.9353235425891133,16,NA
URY,2019,171,2,AMR,775,1057,0.7332071901608326,38,3.6,82,0.38696807163164676,-0.5373871669650921,-0.489529894411731,0.9353235425891133,14,NA
URY,2020,171,2,AMR,700,968,0.7231404958677686,35,3.4,82,0.684955891887273,-0.5548316996323783,-0.4941872243083897,0.9353235425891133,14,0
URY,2021,171,2,AMR,679,946,0.7177589852008457,34,3.6,81,0.9829437121428992,-0.5606465438548071,-0.489529894411731,0.869816417173446,13,0
URY,2022,171,2,AMR,822,1126,0.7300177619893428,41,3.6,81,1.2809315323985255,-0.519942634297806,-0.489529894411731,0.869816417173446,15,0
URY,2023,171,2,AMR,913,1235,0.7392712550607288,45,6.7,81,1.5789193526541516,-0.4966832574080911,-0.4173412810135226,0.869816417173446,13,1
UZB,2013,173,4,EUR,14457,17373,0.8321533413918148,82,9.7,85,-1.4009588499021106,-0.2815340211782283,-0.34748133256364344,1.131844918836115,4.4,NA
UZB,2014,173,4,EUR,14215,16328,0.8705903968642822,81,9.4,75,-1.1029710296464843,-0.287348865400657,-0.35446732740863135,0.47677366467944277,3.5,NA
UZB,2015,173,4,EUR,13536,15220,0.8893561103810775,79,9.6,67,-0.8049832093908581,-0.29897855384551447,-0.3498099975119727,-0.04728333864589502,6.4,NA
UZB,2016,173,4,EUR,12906,14743,0.8753984942006376,76,8.1,68,-0.5069953891352319,-0.31642308651280066,-0.3847399717369123,0.018223786769772203,4.1,NA
UZB,2017,173,4,EUR,13554,15167,0.8936506889958462,73,7,73,-0.20900756887960567,-0.3338676191800868,-0.41035528616853467,0.3457594138481083,5.6,NA
UZB,2018,173,4,EUR,13217,14423,0.9163835540456216,70,5.3,73,0.08898025137602054,-0.35131215184737297,-0.44994259029013284,0.3457594138481083,4.5,NA
UZB,2019,173,4,EUR,12820,14224,0.9012935883014623,67,4.1,74,0.38696807163164676,-0.36875668451465915,-0.4778865696700845,0.41126653926377554,4,NA
UZB,2020,173,4,EUR,9644,10654,0.9051999249108316,63,3.5,57,0.684955891887273,-0.39201606140437406,-0.49185855936006034,-0.7023545928025672,3.1,1
UZB,2021,173,4,EUR,10444,11680,0.8941780821917809,60,2.2,66,0.9829437121428992,-0.40946059407166024,-0.5221312036883413,-0.11279046406156223,2.9,1
UZB,2022,173,4,EUR,10941,12373,0.8842641234947062,57,2,72,1.2809315323985255,-0.42690512673894637,-0.5267885335849999,0.2802522884324411,3.3,1
UZB,2023,173,4,EUR,10795,13938,0.7745013631797962,54,2.1,73,1.5789193526541516,-0.44434965940623256,-0.5244598686366706,0.3457594138481083,3.3,1
VUT,2012,176,6,WPR,114,125,0.912,104,33,48,-1.6989466701577367,-0.15360744828479636,0.19509760039708463,-1.2919187215435721,40,NA
VUT,2013,176,6,WPR,105,123,0.8536585365853658,97,30,50,-1.4009588499021106,-0.19431135784179743,0.12523765194720549,-1.1609044707122378,40,NA
VUT,2015,176,6,WPR,105,136,0.7720588235294118,82,21,62,-0.8049832093908581,-0.2815340211782283,-0.08434219340243196,-0.3748189657242311,40,NA
VUT,2016,176,6,WPR,88,100,0.88,75,24,49,-0.5069953891352319,-0.3222379307352294,-0.014482244952552814,-1.226411596127905,40,NA
VUT,2017,176,6,WPR,87,91,0.9560439560439561,67,16,49,-0.20900756887960567,-0.36875668451465915,-0.2007754408188972,-1.226411596127905,0,NA
VUT,2018,176,6,WPR,81,90,0.9,61,14,52,0.08898025137602054,-0.4036457498492315,-0.2473487397854833,-1.0298902198809032,0,NA
VUT,2019,176,6,WPR,79,93,0.8494623655913979,56,11,57,0.38696807163164676,-0.4327199709613751,-0.31720868823536247,-0.7023545928025672,0,NA
VUT,2020,176,6,WPR,73,76,0.9605263157894737,52,11,54,0.684955891887273,-0.45597934785109,-0.31720868823536247,-0.8988759690495689,0,1
VUT,2021,176,6,WPR,62,69,0.8985507246376812,48,12,47,0.9829437121428992,-0.4792387247408049,-0.2939220387520694,-1.3574258469592395,0,1
VUT,2023,176,6,WPR,94,101,0.9306930693069307,45,6.8,70,1.5789193526541516,-0.4966832574080911,-0.41501261606519324,0.14923803760110665,1.2,1
VEN,2012,174,2,AMR,5310,6495,0.8175519630484989,32,3.3,70,-1.6989466701577367,-0.5722762322996645,-0.4965158892567189,0.14923803760110665,12,NA
VEN,2013,174,2,AMR,5259,6481,0.8114488504860361,30,3.3,72,-1.4009588499021106,-0.583905920744522,-0.4965158892567189,0.2802522884324411,11,NA
VEN,2014,174,2,AMR,5104,6353,0.80339996851881,29,3.2,74,-1.1029710296464843,-0.5897207649669507,-0.49884455420504825,0.41126653926377554,10,NA
VEN,2015,174,2,AMR,5917,7133,0.8295247441469228,31,3.1,76,-0.8049832093908581,-0.5780910765220932,-0.5011732191533775,0.54228079009511,11,NA
VEN,2016,174,2,AMR,6741,8197,0.8223740392826644,36,4.1,75,-0.5069953891352319,-0.5490168554099496,-0.4778865696700845,0.47677366467944277,11,NA
VEN,2017,174,2,AMR,8694,10647,0.8165680473372781,47,3.4,74,-0.20900756887960567,-0.48505356896323365,-0.4941872243083897,0.41126653926377554,8.2,NA
VEN,2018,174,2,AMR,9301,11011,0.8447007537916629,50,3.5,74,0.08898025137602054,-0.46760903629594747,-0.49185855936006034,0.41126653926377554,8,NA
VEN,2019,174,2,AMR,8213,10165,0.8079685194294146,48,3.4,73,0.38696807163164676,-0.4792387247408049,-0.4941872243083897,0.3457594138481083,7.8,NA
VEN,2020,174,2,AMR,7740,9150,0.8459016393442623,47,3.5,68,0.684955891887273,-0.48505356896323365,-0.49185855936006034,0.018223786769772203,7.8,1
VEN,2021,174,2,AMR,7681,9090,0.844994499449945,48,3.6,68,0.9829437121428992,-0.4792387247408049,-0.489529894411731,0.018223786769772203,7.8,1
VEN,2022,174,2,AMR,8217,9865,0.8329447541814495,48,3.3,73,1.2809315323985255,-0.4792387247408049,-0.4965158892567189,0.3457594138481083,7.8,1
VEN,2023,174,2,AMR,8561,10165,0.8422036399409739,47,3.2,77,1.5789193526541516,-0.48505356896323365,-0.49884455420504825,0.6077879155107772,7.8,1
VNM,2012,175,6,WPR,94468,103906,0.9091679017573576,218,23,52,-1.6989466701577367,0.5092847930720783,-0.037768894435845864,-1.0298902198809032,7,NA
VNM,2013,175,6,WPR,91051,102196,0.890944851070492,212,22,52,-1.4009588499021106,0.4743957277375059,-0.061055543919138915,-1.0298902198809032,6.2,NA
VNM,2014,175,6,WPR,91561,100349,0.9124256345354712,205,21,53,-1.1029710296464843,0.43369181818050484,-0.08434219340243196,-0.9643830944652361,5.2,NA
VNM,2015,175,6,WPR,89420,97466,0.9174481357601625,199,18,54,-0.8049832093908581,0.3988027528459325,-0.1542021418523111,-0.8988759690495689,4.3,NA
VNM,2016,175,6,WPR,92235,99869,0.9235598634210817,193,16,56,-0.5069953891352319,0.36391368751136016,-0.2007754408188972,-0.7678617182182345,3.3,NA
VNM,2017,175,6,WPR,94018,102193,0.92000430557866,188,15,57,-0.20900756887960567,0.3348394663992165,-0.22406209030219026,-0.7023545928025672,3.7,NA
VNM,2018,175,6,WPR,91045,99558,0.914492054882581,182,13,57,0.08898025137602054,0.29995040106464416,-0.27063538926877634,-0.7023545928025672,3.4,NA
VNM,2019,175,6,WPR,93193,102420,0.9099101737941808,176,12,60,0.38696807163164676,0.26506133573007185,-0.2939220387520694,-0.5058332165555656,3.3,NA
VNM,2020,175,6,WPR,91029,99852,0.9116392260545607,171,12,59,0.684955891887273,0.2359871146179282,-0.2939220387520694,-0.5713403419712327,3.3,0
VNM,2021,175,6,WPR,70117,77657,0.9029063703207696,171,12,46,0.9829437121428992,0.2359871146179282,-0.2939220387520694,-1.4229329723749067,3,0
VNM,2022,175,6,WPR,91212,102479,0.8900555235706827,178,14,58,1.2809315323985255,0.27669102417492925,-0.2473487397854833,-0.6368474673869,2.5,0
VNM,2023,175,6,WPR,92699,104517,0.8869274854808309,185,13,56,1.5789193526541516,0.31739493373193034,-0.27063538926877634,-0.7678617182182345,2.5,0
YEM,2013,177,3,EMR,9257,10325,0.8965617433414044,48,4.2,74,-1.4009588499021106,-0.4792387247408049,-0.4755579047217552,0.41126653926377554,0.79,NA
YEM,2014,177,3,EMR,8092,9437,0.8574758927625304,43,5.7,74,-1.1029710296464843,-0.5083129458529485,-0.44062793049681565,0.41126653926377554,0.77,NA
YEM,2015,177,3,EMR,6664,7654,0.8706558662137445,33,9,74,-0.8049832093908581,-0.5664613880772358,-0.36378198720194854,0.41126653926377554,0.75,NA
YEM,2016,177,3,EMR,8355,9412,0.8876965575860604,40,6.8,74,-0.5069953891352319,-0.5257574785202347,-0.41501261606519324,0.41126653926377554,0.74,NA
YEM,2017,177,3,EMR,8625,9693,0.889817393995667,40,6.7,74,-0.20900756887960567,-0.5257574785202347,-0.4173412810135226,0.41126653926377554,0.73,NA
YEM,2018,177,3,EMR,8573,9743,0.8799137842553628,39,6.9,74,0.08898025137602054,-0.5315723227426634,-0.4126839511168639,0.41126653926377554,0.73,NA
YEM,2019,177,3,EMR,8690,10224,0.849960876369327,39,6.6,74,0.38696807163164676,-0.5315723227426634,-0.4196699459618519,0.41126653926377554,0.72,NA
YEM,2020,177,3,EMR,7831,8852,0.8846588341617714,33,11,74,0.684955891887273,-0.5664613880772358,-0.31720868823536247,0.41126653926377554,0.72,0
YEM,2021,177,3,EMR,8369,9358,0.8943150245779012,34,10,74,0.9829437121428992,-0.5606465438548071,-0.3404953377186555,0.41126653926377554,0.72,0
YEM,2022,177,3,EMR,9294,10327,0.8999709499370582,36,9.8,74,1.2809315323985255,-0.5490168554099496,-0.3451526676153141,0.41126653926377554,0.72,0
YEM,2023,177,3,EMR,10122,11015,0.9189287335451657,38,9.4,74,1.5789193526541516,-0.5373871669650921,-0.35446732740863135,0.41126653926377554,0.72,0
ZMB,2012,179,1,AFR,34938,41056,0.8509840218238504,456,135,60,-1.6989466701577367,1.8932177180101146,2.570335847692976,-0.5058332165555656,61,NA
ZMB,2013,179,1,AFR,33923,39899,0.8502218100704279,437,128,60,-1.4009588499021106,1.782735677783969,2.4073293013099244,-0.5058332165555656,62,NA
ZMB,2014,179,1,AFR,32111,37930,0.8465858159767994,406,123,59,-1.1029710296464843,1.6024755068886785,2.290896053893459,-0.5713403419712327,61,NA
ZMB,2015,179,1,AFR,31243,36741,0.8503579107808715,391,120,57,-0.8049832093908581,1.5152528435522477,2.22103610544358,-0.7023545928025672,60,NA
ZMB,2016,179,1,AFR,33581,38326,0.8761937066221364,376,108,60,-0.5069953891352319,1.4280301802158166,1.9415963116440633,-0.5058332165555656,58,NA
ZMB,2017,179,1,AFR,32312,36010,0.8973063038044987,361,110,57,-0.20900756887960567,1.3408075168793858,1.9881696106106495,-0.7023545928025672,59,NA
ZMB,2018,179,1,AFR,31558,35071,0.8998317698383279,346,108,56,0.08898025137602054,1.253584853542955,1.9415963116440633,-0.7678617182182345,59,NA
ZMB,2019,179,1,AFR,32342,36150,0.8946611341632088,333,91,59,0.38696807163164676,1.1779918786513817,1.5457232704280817,-0.5713403419712327,46,NA
ZMB,2020,179,1,AFR,36380,40000,0.9095,319,73,66,0.684955891887273,1.0965840595373795,1.1265635797288067,-0.11279046406156223,39,1
ZMB,2021,179,1,AFR,46161,50075,0.9218372441337993,307,41,83,0.9829437121428992,1.0268059288682347,0.38139079626342903,1.0008306680047805,34,1
ZMB,2022,179,1,AFR,50209,54127,0.9276146839839636,295,27,91,1.2809315323985255,0.95702779819909,0.05537770349732633,1.5248876713301183,32,1
ZMB,2023,179,1,AFR,50163,54346,0.9230302138151842,283,24,93,1.5789193526541516,0.8872496675299454,-0.014482244952552814,1.6559019221614528,32,1
ZWE,2015,180,1,AFR,21779,26990,0.8069284920340867,242,49,78,-0.8049832093908581,0.6488410544103677,0.5676839921297734,0.6732950409264444,70,NA
ZWE,2016,180,1,AFR,21565,26618,0.8101660530468104,233,45,78,-0.5069953891352319,0.5965074564085091,0.47453739419660124,0.6732950409264444,65,NA
ZWE,2017,180,1,AFR,21537,25848,0.833217270194986,221,41,79,-0.20900756887960567,0.5267293257393644,0.38139079626342903,0.7388021663421116,63,NA
ZWE,2018,180,1,AFR,21079,25204,0.836335502301222,210,37,80,0.08898025137602054,0.4627660392926485,0.28824419833025683,0.8043092917577789,62,NA
ZWE,2019,180,1,AFR,17717,21008,0.8433453922315308,199,47,69,0.38696807163164676,0.3988027528459325,0.5211106931631874,0.08373091218543942,60,NA
ZWE,2020,180,1,AFR,14163,16056,0.8821001494768311,189,49,54,0.684955891887273,0.34065431062164525,0.5676839921297734,-0.8988759690495689,61,1
ZWE,2021,180,1,AFR,14864,16541,0.8986155613324467,198,55,52,0.9829437121428992,0.39298790862350375,0.7074038890295317,-1.0298902198809032,62,1
ZWE,2022,180,1,AFR,16459,18555,0.8870385340878469,209,57,54,1.2809315323985255,0.45695119507021975,0.7539771879961179,-0.8988759690495689,62,1
ZWE,2023,180,1,AFR,17465,19163,0.9113917445076449,209,54,56,1.5789193526541516,0.45695119507021975,0.6841172395462387,-0.7678617182182345,62,1
